TABLE_NAME,COLUMN_NAME,DATA_TYPE
S1_18WeekWait,CCG_Code,varchar
S1_18WeekWait,CCG_Code_Reporting,varchar
S1_18WeekWait,CCG_Name,varchar
S1_18WeekWait,CCG_Name_Reporting,varchar
S1_18WeekWait,CPFT_ServiceCode,int
S1_18WeekWait,CPFT_ServiceDescription,varchar
S1_18WeekWait,CaseloadName,varchar
S1_18WeekWait,CensusDate,datetime
S1_18WeekWait,ClockStarted,varchar
S1_18WeekWait,DateAppointmentOffered,datetime
S1_18WeekWait,DateCompleted,datetime
S1_18WeekWait,DateEvent,datetime
S1_18WeekWait,DateEventRecorded,datetime
S1_18WeekWait,DateExpectedEnd,datetime
S1_18WeekWait,DateStart,datetime
S1_18WeekWait,DateStatus,datetime
S1_18WeekWait,DaysWaited,int
S1_18WeekWait,Directorate,varchar
S1_18WeekWait,IDCaseload,bigint
S1_18WeekWait,IDEvent,bigint
S1_18WeekWait,IDNumber,varchar
S1_18WeekWait,IDOrganisation,varchar
S1_18WeekWait,rid,varchar
S1_18WeekWait,trid,int
S1_18WeekWait,IDPractice,varchar
S1_18WeekWait,IDPractice_Reporting,varchar
S1_18WeekWait,IDReferralIn,bigint
S1_18WeekWait,Include18Weeks,int
S1_18WeekWait,IsMentalHealth,int
S1_18WeekWait,LiveReferralStatus,varchar
S1_18WeekWait,mrid,varchar
S1_18WeekWait,NeighbourhoodTeamCode,varchar
S1_18WeekWait,NeighbourhoodTeamDescription,varchar
S1_18WeekWait,New,bit
S1_18WeekWait,Organisation,varchar
S1_18WeekWait,PCNCode,nvarchar
S1_18WeekWait,PCNName,nvarchar
S1_18WeekWait,Practice_Name,nvarchar
S1_18WeekWait,Practice_Name_Reporting,varchar
S1_18WeekWait,ReasonableOffer,bit
S1_18WeekWait,RowIdentifier,bigint
S1_18WeekWait,_src_hash,varchar
S1_18WeekWait,ServiceOffered,bigint
S1_18WeekWait,ServiceOfferedDescription,varchar
S1_18WeekWait,Status,bigint
S1_18WeekWait,StatusDescription,varchar
S1_18WeekWait,TreatmentFunction,bigint
S1_18WeekWait,TreatmentFunctionDescription,varchar
S1_18WeekWait,WeekBand,varchar
S1_18WeekWait,WeekBand2,varchar
S1_18WeekWait,WeekBand2Order,int
S1_18WeekWait,WeekBand2Tooltip,varchar
S1_18WeekWait,WeekBandOrder,int
S1_18WeekWait,WeeksWaited,int
S1_18WeekWait,_when_processed_utc,datetime
S1_Accommodation,CPFTGroup,int
S1_Accommodation,CPFT_ServiceCode,int
S1_Accommodation,CPFT_ServiceDescription,varchar
S1_Accommodation,CTV3Code,varchar
S1_Accommodation,CTV3Text,varchar
S1_Accommodation,CYPHS_Accommodation_Status_Code,varchar
S1_Accommodation,DateEvent,datetime
S1_Accommodation,Directorate,varchar
S1_Accommodation,IDDoneBy,bigint
S1_Accommodation,IDOrganisation,varchar
S1_Accommodation,rid,varchar
S1_Accommodation,trid,int
S1_Accommodation,IDReferralIn,bigint
S1_Accommodation,IDTemplate,bigint
S1_Accommodation,IsMentalHealth,int
S1_Accommodation,RowIdentifier,bigint
S1_Accommodation,_src_hash,varchar
S1_Accommodation,RwNo,int
S1_Accommodation,SNOMEDCode,bigint
S1_Accommodation,SNOMEDText,varchar
S1_Accommodation,SettledAccomodationMHSDSCode,varchar
S1_Accommodation,SettledAccomodationMHSDSDescription,varchar
S1_Accommodation,SettledAccomodation_CTV3Code,varchar
S1_Accommodation,SettledAccomodation_CTV3Text,varchar
S1_Accommodation,StaffName,varchar
S1_Accommodation,TemplateName,varchar
S1_Accommodation,mrid,varchar
S1_Accommodation,_when_processed_utc,datetime
S1_ActivityEvent,AgeAtEvent,int
S1_ActivityEvent,AttDNA_ContactMethod,int
S1_ActivityEvent,AttDNA_EventDetails,int
S1_ActivityEvent,AttDNA_EventDetailsMethod,int
S1_ActivityEvent,AttDNA_EventDetailsWith,int
S1_ActivityEvent,AttendedOrDNA,int
S1_ActivityEvent,AttendedOrDNADescription,varchar
S1_ActivityEvent,CCG_Code,varchar
S1_ActivityEvent,CCG_Name,varchar
S1_ActivityEvent,CPFTGroup,int
S1_ActivityEvent,CPFT_LocationCode,int
S1_ActivityEvent,CPFT_LocationDescription,varchar
S1_ActivityEvent,CPFT_ServiceOfferedCode,int
S1_ActivityEvent,CPFT_ServiceOfferedDescription,varchar
S1_ActivityEvent,CYPHS_ContactLocationCode,varchar
S1_ActivityEvent,CYPHS_ContactLocationDescription,varchar
S1_ActivityEvent,CYPHS_ContactMethod_EventDetailsMethod,varchar
S1_ActivityEvent,CYPHS_EventDetails,varchar
S1_ActivityEvent,CYPHS_EventDetailsMethod,varchar
S1_ActivityEvent,CYPHS_EventDetailsWith,varchar
S1_ActivityEvent,CYPHS_ServiceCode,varchar
S1_ActivityEvent,CYPHS_ServiceDescription,varchar
S1_ActivityEvent,ContactLocation,bigint
S1_ActivityEvent,ContactLocationDescription,varchar
S1_ActivityEvent,ContactMethod,bigint
S1_ActivityEvent,ContactMethodDescription,varchar
S1_ActivityEvent,Contact_ContactMethod,int
S1_ActivityEvent,Contact_EventDetails,int
S1_ActivityEvent,Contact_EventDetailsMethod,int
S1_ActivityEvent,Contact_EventDetailsWith,int
S1_ActivityEvent,CostCentre,nvarchar
S1_ActivityEvent,CostCentreDesc,nvarchar
S1_ActivityEvent,DateEvent,datetime
S1_ActivityEvent,DateEventDateTime,datetime
S1_ActivityEvent,DateEventRecorded,datetime
S1_ActivityEvent,Directorate,varchar
S1_ActivityEvent,EventDetails,bigint
S1_ActivityEvent,EventDetailsDescription,varchar
S1_ActivityEvent,EventDetailsMethod,bigint
S1_ActivityEvent,EventDetailsMethodDescription,varchar
S1_ActivityEvent,EventDetailsWith,bigint
S1_ActivityEvent,EventDetailsWithDescription,varchar
S1_ActivityEvent,EventDuration,int
S1_ActivityEvent,FTE,float
S1_ActivityEvent,IDDoneBy,bigint
S1_ActivityEvent,IDEvent,bigint
S1_ActivityEvent,IDOrganisationDoneAt,varchar
S1_ActivityEvent,rid,varchar
S1_ActivityEvent,trid,int
S1_ActivityEvent,IDPractice,varchar
S1_ActivityEvent,IDReferralIn,bigint
S1_ActivityEvent,IDReferredTo,int
S1_ActivityEvent,IsContact,int
S1_ActivityEvent,IsMentalHealth,int
S1_ActivityEvent,mrid,varchar
S1_ActivityEvent,NameOfCarePlanUsed,varchar
S1_ActivityEvent,NeighbourhoodTeamCode,varchar
S1_ActivityEvent,NeighbourhoodTeamDescription,varchar
S1_ActivityEvent,New,int
S1_ActivityEvent,Organisation,varchar
S1_ActivityEvent,PayscaleDescription,nvarchar
S1_ActivityEvent,Practice_Name,nvarchar
S1_ActivityEvent,Role,nvarchar
S1_ActivityEvent,RowIdentifier,bigint
S1_ActivityEvent,ServiceOffered,bigint
S1_ActivityEvent,ServiceOfferedDescription,varchar
S1_ActivityEvent,StaffName,varchar
S1_ActivityEvent,TeamName,varchar
S1_ActivityEvent,_when_processed_utc,datetime
S1_ActivityEvent_DNA,AgeAtEvent,int
S1_ActivityEvent_DNA,AttendedOrDNA,int
S1_ActivityEvent_DNA,AttendedOrDNADescription,varchar
S1_ActivityEvent_DNA,CCG_Code,varchar
S1_ActivityEvent_DNA,CCG_Name,varchar
S1_ActivityEvent_DNA,CPFTGroup,int
S1_ActivityEvent_DNA,CPFT_ServiceOfferedCode,int
S1_ActivityEvent_DNA,CPFT_ServiceOfferedDescription,varchar
S1_ActivityEvent_DNA,CYPHS_ServiceCode,varchar
S1_ActivityEvent_DNA,CYPHS_ServiceDescription,varchar
S1_ActivityEvent_DNA,DateEvent,datetime
S1_ActivityEvent_DNA,DateEventDateTime,datetime
S1_ActivityEvent_DNA,DateEventRecorded,datetime
S1_ActivityEvent_DNA,Directorate,varchar
S1_ActivityEvent_DNA,IDDoneBy,bigint
S1_ActivityEvent_DNA,IDEvent,bigint
S1_ActivityEvent_DNA,IDOrganisationDoneAt,varchar
S1_ActivityEvent_DNA,rid,varchar
S1_ActivityEvent_DNA,trid,int
S1_ActivityEvent_DNA,IDPractice,varchar
S1_ActivityEvent_DNA,IDReferralIn,bigint
S1_ActivityEvent_DNA,IDReferredTo,int
S1_ActivityEvent_DNA,IsContact,int
S1_ActivityEvent_DNA,IsMentalHealth,int
S1_ActivityEvent_DNA,mrid,varchar
S1_ActivityEvent_DNA,NeighbourhoodTeamCode,varchar
S1_ActivityEvent_DNA,NeighbourhoodTeamDescription,varchar
S1_ActivityEvent_DNA,New,bit
S1_ActivityEvent_DNA,Organisation,varchar
S1_ActivityEvent_DNA,Practice_Name,nvarchar
S1_ActivityEvent_DNA,RowIdentifier,bigint
S1_ActivityEvent_DNA,_src_hash,varchar
S1_ActivityEvent_DNA,ServiceOffered,bigint
S1_ActivityEvent_DNA,ServiceOfferedDescription,varchar
S1_ActivityEvent_DNA,StaffName,varchar
S1_ActivityEvent_DNA,TeamName,varchar
S1_ActivityEvent_DNA,_when_processed_utc,datetime
S1_ActivityEvent_EventDuration,EventDuration,int
S1_ActivityEvent_EventDuration,EventDurationALL,int
S1_ActivityEvent_EventDuration,IDEvent,bigint
S1_ActivityEvent_EventDuration,_src_hash,varchar
S1_ActivityEvent_EventDuration,_when_processed_utc,datetime
S1_Appointments,AppointmentDate,datetime
S1_Appointments,AppointmentEndDate,datetime
S1_Appointments,AppointmentStatus,varchar
S1_Appointments,AppointmentStatusDescription,varchar
S1_Appointments,AttendedOrDNA,varchar
S1_Appointments,BookingContactNumber,varchar
S1_Appointments,DateAppointmentBooked,datetime
S1_Appointments,DateAppointmentCancelled,datetime
S1_Appointments,DatePatientArrival,datetime
S1_Appointments,DatePatientSeen,datetime
S1_Appointments,Duration,int
S1_Appointments,FollowUpAppointment,bit
S1_Appointments,IDClinician,bigint
S1_Appointments,IDOrganisation,varchar
S1_Appointments,rid,varchar
S1_Appointments,trid,int
S1_Appointments,IDProfileClinician,bigint
S1_Appointments,IDReferralIn,bigint
S1_Appointments,IDRota,bigint
S1_Appointments,IsMentalHealth,int
S1_Appointments,NationalCode,int
S1_Appointments,New,bit
S1_Appointments,OrganisationName,varchar
S1_Appointments,RotaCode,varchar
S1_Appointments,RotaLocation,varchar
S1_Appointments,RotaLocationDescription,varchar
S1_Appointments,RotaName,varchar
S1_Appointments,RotaType,varchar
S1_Appointments,RowIdentifier,bigint
S1_Appointments,_src_hash,varchar
S1_Appointments,StaffName,varchar
S1_Appointments,StaffRole,varchar
S1_Appointments,TelephoneAppointment,bit
S1_Appointments,Time,varchar
S1_Appointments,mrid,varchar
S1_Appointments,_when_processed_utc,datetime
S1_CarerStatus,CPFTGroup,int
S1_CarerStatus,CPFT_ServiceCode,int
S1_CarerStatus,CPFT_ServiceDescription,varchar
S1_CarerStatus,CTV3Code,varchar
S1_CarerStatus,CTV3Text,varchar
S1_CarerStatus,DateEvent,datetime
S1_CarerStatus,DateEventRecorded,datetime
S1_CarerStatus,Directorate,varchar
S1_CarerStatus,IDDoneBy,bigint
S1_CarerStatus,IDEvent,bigint
S1_CarerStatus,IDOrganisation,varchar
S1_CarerStatus,rid,varchar
S1_CarerStatus,trid,int
S1_CarerStatus,IDReferralIn,bigint
S1_CarerStatus,IDTemplate,bigint
S1_CarerStatus,RowIdentifier,bigint
S1_CarerStatus,_src_hash,varchar
S1_CarerStatus,StaffName,varchar
S1_CarerStatus,TemplateName,varchar
S1_CarerStatus,mrid,varchar
S1_CarerStatus,_when_processed_utc,datetime
S1_Child_At_Risk,ChildProtectionPlan,bit
S1_Child_At_Risk,DateAdded,datetime
S1_Child_At_Risk,DateRemoved,datetime
S1_Child_At_Risk,IDOrganisation,varchar
S1_Child_At_Risk,IDOrganisationVisibleTo,varchar
S1_Child_At_Risk,rid,varchar
S1_Child_At_Risk,trid,int
S1_Child_At_Risk,Organisation,varchar
S1_Child_At_Risk,OrganisationVisibleTo,varchar
S1_Child_At_Risk,RemovalReason,varchar
S1_Child_At_Risk,RowIdentifier,bigint
S1_Child_At_Risk,mrid,varchar
S1_Child_At_Risk,_when_processed_utc,datetime
S1_Child_Protection_Plan_Reason,CPFTGroup,int
S1_Child_Protection_Plan_Reason,CPFT_ServiceCode,int
S1_Child_Protection_Plan_Reason,CPFT_ServiceDescription,varchar
S1_Child_Protection_Plan_Reason,CTV3Code,varchar
S1_Child_Protection_Plan_Reason,CTV3Text,varchar
S1_Child_Protection_Plan_Reason,CYPHS_Child_Protection_Plan_Reason_Code,varchar
S1_Child_Protection_Plan_Reason,DateEvent,datetime
S1_Child_Protection_Plan_Reason,Directorate,varchar
S1_Child_Protection_Plan_Reason,IDDoneBy,bigint
S1_Child_Protection_Plan_Reason,IDEvent,bigint
S1_Child_Protection_Plan_Reason,IDOrganisation,varchar
S1_Child_Protection_Plan_Reason,rid,varchar
S1_Child_Protection_Plan_Reason,trid,int
S1_Child_Protection_Plan_Reason,IDReferralIn,bigint
S1_Child_Protection_Plan_Reason,IDTemplate,bigint
S1_Child_Protection_Plan_Reason,IsMentalHealth,int
S1_Child_Protection_Plan_Reason,RowIdentifier,bigint
S1_Child_Protection_Plan_Reason,_src_hash,varchar
S1_Child_Protection_Plan_Reason,SNOMEDCode,bigint
S1_Child_Protection_Plan_Reason,SNOMEDText,varchar
S1_Child_Protection_Plan_Reason,StaffName,varchar
S1_Child_Protection_Plan_Reason,TemplateName,varchar
S1_Child_Protection_Plan_Reason,mrid,varchar
S1_Child_Protection_Plan_Reason,_when_processed_utc,datetime
S1_Contacts,AgeAtEvent,int
S1_Contacts,AttendedOrDNA,int
S1_Contacts,AttendedOrDNADescription,varchar
S1_Contacts,CCG_Code,varchar
S1_Contacts,CCG_Code_Reporting,varchar
S1_Contacts,CCG_Name,varchar
S1_Contacts,CCG_Name_Reporting,varchar
S1_Contacts,CPFTGroup,int
S1_Contacts,CPFT_LocationCode,int
S1_Contacts,CPFT_LocationDescription,varchar
S1_Contacts,CPFT_ServiceOfferedCode,int
S1_Contacts,CPFT_ServiceOfferedDescription,varchar
S1_Contacts,CYPHS_CARE_PROFESSIONAL_TEAM_LOCAL_IDENTIFIER,varchar
S1_Contacts,CYPHS_ContactLocationCode,varchar
S1_Contacts,CYPHS_ContactLocationDescription,varchar
S1_Contacts,CYPHS_ContactMethod_EventDetailsMethod,varchar
S1_Contacts,CYPHS_EventDetails,varchar
S1_Contacts,CYPHS_EventDetailsMethod,varchar
S1_Contacts,CYPHS_EventDetailsWith,varchar
S1_Contacts,CYPHS_Group_Therapy_Indicator,varchar
S1_Contacts,CYPHS_ServiceCode,varchar
S1_Contacts,CYPHS_ServiceDescription,varchar
S1_Contacts,ClientSequence,int
S1_Contacts,ClientSequenceAttended,int
S1_Contacts,ClientSequenceAttendedFaceToFace,int
S1_Contacts,ContactLocation,bigint
S1_Contacts,ContactMethod,bigint
S1_Contacts,ContactMethodDescription,varchar
S1_Contacts,Contact_EventDetailsMethod,int
S1_Contacts,Contact_EventDetailsWith,int
S1_Contacts,CostCentre,nvarchar
S1_Contacts,CostCentreDesc,nvarchar
S1_Contacts,DateEvent,datetime
S1_Contacts,DateEventDateTime,datetime
S1_Contacts,DateEventRecorded,datetime
S1_Contacts,DayContact,varchar
S1_Contacts,DayNumberContact,int
S1_Contacts,Directorate,varchar
S1_Contacts,EventDetails,bigint
S1_Contacts,EventDetailsDescription,varchar
S1_Contacts,EventDetailsMethod,bigint
S1_Contacts,EventDetailsMethodDescription,varchar
S1_Contacts,EventDetailsWith,bigint
S1_Contacts,EventDetailsWithDescription,varchar
S1_Contacts,EventDuration,int
S1_Contacts,EventDurationALL,int
S1_Contacts,IDDoneBy,bigint
S1_Contacts,IDEvent,bigint
S1_Contacts,IDOrganisationDoneAt,varchar
S1_Contacts,rid,varchar
S1_Contacts,trid,int
S1_Contacts,IDPractice,varchar
S1_Contacts,IDPractice_Reporting,varchar
S1_Contacts,IDReferralIn,bigint
S1_Contacts,IDReferredTo,int
S1_Contacts,IsContact,int
S1_Contacts,IsMentalHealth,int
S1_Contacts,IsWeekend,int
S1_Contacts,LegalContact,int
S1_Contacts,mrid,varchar
S1_Contacts,NeighbourhoodTeamCode,varchar
S1_Contacts,NeighbourhoodTeamDescription,varchar
S1_Contacts,New,int
S1_Contacts,Organisation,varchar
S1_Contacts,PayscaleDescription,nvarchar
S1_Contacts,Practice_Name,nvarchar
S1_Contacts,Practice_Name_Reporting,varchar
S1_Contacts,Role,nvarchar
S1_Contacts,RowIdentifier,bigint
S1_Contacts,_src_hash,varchar
S1_Contacts,RwNo,int
S1_Contacts,ServiceOffered,bigint
S1_Contacts,ServiceOfferedDescription,varchar
S1_Contacts,SiteCodeofTreatment,nvarchar
S1_Contacts,StaffName,varchar
S1_Contacts,SupportContact,int
S1_Contacts,TeamName,varchar
S1_Contacts,_when_processed_utc,datetime
S1_Contacts_CarerStatus_MH,rid,varchar
S1_Contacts_CarerStatus_MH,_src_hash,varchar
S1_Contacts_CarerStatus_MH,trid,int
S1_Contacts_CarerStatus_MH,TotalContacts,int
S1_Contacts_CarerStatus_MH,mrid,varchar
S1_Contacts_CarerStatus_MH,_when_processed_utc,datetime
S1_Contacts_CarerStatus_PH,rid,varchar
S1_Contacts_CarerStatus_PH,_src_hash,varchar
S1_Contacts_CarerStatus_PH,trid,int
S1_Contacts_CarerStatus_PH,TotalContacts,int
S1_Contacts_CarerStatus_PH,mrid,varchar
S1_Contacts_CarerStatus_PH,_when_processed_utc,datetime
S1_ContactsArchive,AgeAtEvent,int
S1_ContactsArchive,AttendedOrDNA,int
S1_ContactsArchive,AttendedOrDNADescription,varchar
S1_ContactsArchive,CCG_Code,varchar
S1_ContactsArchive,CCG_Code_Reporting,varchar
S1_ContactsArchive,CCG_Name,varchar
S1_ContactsArchive,CCG_Name_Reporting,varchar
S1_ContactsArchive,CPFTGroup,int
S1_ContactsArchive,CPFT_LocationCode,int
S1_ContactsArchive,CPFT_LocationDescription,varchar
S1_ContactsArchive,CPFT_ServiceOfferedCode,int
S1_ContactsArchive,CPFT_ServiceOfferedDescription,varchar
S1_ContactsArchive,CYPHS_CARE_PROFESSIONAL_TEAM_LOCAL_IDENTIFIER,varchar
S1_ContactsArchive,CYPHS_ContactLocationCode,varchar
S1_ContactsArchive,CYPHS_ContactLocationDescription,varchar
S1_ContactsArchive,CYPHS_ContactMethod_EventDetailsMethod,varchar
S1_ContactsArchive,CYPHS_EventDetails,varchar
S1_ContactsArchive,CYPHS_EventDetailsMethod,varchar
S1_ContactsArchive,CYPHS_EventDetailsWith,varchar
S1_ContactsArchive,CYPHS_Group_Therapy_Indicator,varchar
S1_ContactsArchive,CYPHS_ServiceCode,varchar
S1_ContactsArchive,CYPHS_ServiceDescription,varchar
S1_ContactsArchive,ClientSequence,int
S1_ContactsArchive,ClientSequenceAttended,int
S1_ContactsArchive,ClientSequenceAttendedFaceToFace,int
S1_ContactsArchive,ContactLocation,bigint
S1_ContactsArchive,ContactMethod,bigint
S1_ContactsArchive,ContactMethodDescription,varchar
S1_ContactsArchive,Contact_EventDetailsMethod,int
S1_ContactsArchive,Contact_EventDetailsWith,int
S1_ContactsArchive,CostCentre,nvarchar
S1_ContactsArchive,CostCentreDesc,nvarchar
S1_ContactsArchive,DateEvent,datetime
S1_ContactsArchive,DateEventDateTime,datetime
S1_ContactsArchive,DateEventRecorded,datetime
S1_ContactsArchive,DayContact,varchar
S1_ContactsArchive,DayNumberContact,int
S1_ContactsArchive,Directorate,varchar
S1_ContactsArchive,EventDetails,bigint
S1_ContactsArchive,EventDetailsDescription,varchar
S1_ContactsArchive,EventDetailsMethod,bigint
S1_ContactsArchive,EventDetailsMethodDescription,varchar
S1_ContactsArchive,EventDetailsWith,bigint
S1_ContactsArchive,EventDetailsWithDescription,varchar
S1_ContactsArchive,EventDuration,int
S1_ContactsArchive,EventDurationALL,int
S1_ContactsArchive,IDDoneBy,bigint
S1_ContactsArchive,IDEvent,bigint
S1_ContactsArchive,IDOrganisationDoneAt,varchar
S1_ContactsArchive,rid,varchar
S1_ContactsArchive,trid,int
S1_ContactsArchive,IDPractice,varchar
S1_ContactsArchive,IDPractice_Reporting,varchar
S1_ContactsArchive,IDReferralIn,bigint
S1_ContactsArchive,IDReferredTo,int
S1_ContactsArchive,IsContact,int
S1_ContactsArchive,IsMentalHealth,int
S1_ContactsArchive,IsWeekend,int
S1_ContactsArchive,LegalContact,int
S1_ContactsArchive,mrid,varchar
S1_ContactsArchive,NeighbourhoodTeamCode,varchar
S1_ContactsArchive,NeighbourhoodTeamDescription,varchar
S1_ContactsArchive,New,int
S1_ContactsArchive,Organisation,varchar
S1_ContactsArchive,PayscaleDescription,nvarchar
S1_ContactsArchive,Practice_Name,nvarchar
S1_ContactsArchive,Practice_Name_Reporting,varchar
S1_ContactsArchive,Role,nvarchar
S1_ContactsArchive,RowIdentifier,bigint
S1_ContactsArchive,RwNo,int
S1_ContactsArchive,ServiceOffered,bigint
S1_ContactsArchive,ServiceOfferedDescription,varchar
S1_ContactsArchive,SiteCodeofTreatment,nvarchar
S1_ContactsArchive,StaffName,varchar
S1_ContactsArchive,SupportContact,int
S1_ContactsArchive,TeamName,varchar
S1_ContactsArchive,_when_processed_utc,datetime
S1_ContactsArchive_ClientSequence,ClientSequence,bigint
S1_ContactsArchive_ClientSequence,RowIdentifier,bigint
S1_ContactsArchive_ClientSequence,_when_processed_utc,datetime
S1_ContactsArchive_ClientSequenceAttended,ClientSequenceAttended,bigint
S1_ContactsArchive_ClientSequenceAttended,RowIdentifier,bigint
S1_ContactsArchive_ClientSequenceAttended,_src_hash,varchar
S1_ContactsArchive_ClientSequenceAttended,_when_processed_utc,datetime
S1_ContactsArchive_ClientSequenceAttendedFaceToFace,ClientSequenceAttendedFaceToFace,bigint
S1_ContactsArchive_ClientSequenceAttendedFaceToFace,RowIdentifier,bigint
S1_ContactsArchive_ClientSequenceAttendedFaceToFace,_src_hash,varchar
S1_ContactsArchive_ClientSequenceAttendedFaceToFace,_when_processed_utc,datetime
S1_ContactsArchive_LatestStaffContact,DateEventDateTime,datetime
S1_ContactsArchive_LatestStaffContact,IDDoneBy,bigint
S1_ContactsArchive_LatestStaffContact,IDReferralIn,bigint
S1_ContactsArchive_LatestStaffContact,StaffName,varchar
S1_ContactsArchive_LatestStaffContact,_when_processed_utc,datetime
S1_ContactsArchive_NonLegalContacts,IDEvent,bigint
S1_ContactsArchive_NonLegalContacts,_src_hash,varchar
S1_ContactsArchive_NonLegalContacts,_when_processed_utc,datetime
S1_ContactsArchive_TotalsByReferral,IDReferralIn,bigint
S1_ContactsArchive_TotalsByReferral,_src_hash,varchar
S1_ContactsArchive_TotalsByReferral,MaxDateEvent,datetime
S1_ContactsArchive_TotalsByReferral,TotalContacts,int
S1_ContactsArchive_TotalsByReferral,TotalFaceToFaceContacts,int
S1_ContactsArchive_TotalsByReferral,TotalLegalContacts,int
S1_ContactsArchive_TotalsByReferral,TotalTime,int
S1_ContactsArchive_TotalsByReferral,_when_processed_utc,datetime
S1_CPA,AgeAtReferral,int
S1_CPA,CPADateEnd,datetime
S1_CPA,CPADateStart,datetime
S1_CPA,CPAReviewDate,datetime
S1_CPA,DateCreation,datetime
S1_CPA,Directorate,varchar
S1_CPA,IDEvent,bigint
S1_CPA,IDOrganisation,varchar
S1_CPA,rid,varchar
S1_CPA,trid,int
S1_CPA,IDProfileCreatedBy,bigint
S1_CPA,IsMentalHealth,int
S1_CPA,mrid,varchar
S1_CPA,New,bit
S1_CPA,Organisation,varchar
S1_CPA,RowIdentifier,bigint
S1_CPA,_src_hash,varchar
S1_CPA,RwNo_Patient,bigint
S1_CPA,StaffName,varchar
S1_CPA,_when_processed_utc,datetime
S1_Demographics,AnticipatoryCarePlan,varchar
S1_Demographics,AnticipatoryCarePlanDate,datetime
S1_Demographics,AnticipatoryCarePlanFlag,int
S1_Demographics,AnticipatoryCarePlanSource,varchar
S1_Demographics,BAME_Flag,int
S1_Demographics,CCG_Code,varchar
S1_Demographics,CCG_Code_Postcode,varchar
S1_Demographics,CCG_Code_Practice,varchar
S1_Demographics,CCG_Name,varchar
S1_Demographics,CCG_Name_Postcode,varchar
S1_Demographics,CCG_Name_Practice,varchar
S1_Demographics,CTV3Code_AnticipatoryCarePlan,varchar
S1_Demographics,CTV3Code_Consent,varchar
S1_Demographics,CTV3Code_CoordinationSupportPlan,varchar
S1_Demographics,CTV3Code_Ethnicity,varchar
S1_Demographics,CTV3Code_Language,varchar
S1_Demographics,CYPHSCode_Ethnicity,varchar
S1_Demographics,CYPHS_Constant_Supervision_Care_Disability,varchar
S1_Demographics,CYPHS_Death_Location_Actual,varchar
S1_Demographics,CYPHS_Death_Location_Preferred,varchar
S1_Demographics,CYPHS_Death_Not_At_Preferred_Location_Reason,varchar
S1_Demographics,CYPHS_Educational_Assessment_Outcome,varchar
S1_Demographics,CYPHS_Health_Visitor_First_Antenatal_VisitDate,datetime
S1_Demographics,CYPHS_Language_Code,varchar
S1_Demographics,CYPHS_Looked_After_Children_Indicator,varchar
S1_Demographics,CYPHS_NHSNumber_Mother_Status_Indicator,varchar
S1_Demographics,CYPHS_Organisation_Code_Educational_Establishment,varchar
S1_Demographics,CYPHS_Person_Relationship_MainCarer,varchar
S1_Demographics,CYPHS_Person_Risk_Unexpected_Death,varchar
S1_Demographics,CYPHS_Preferred_Death_Location_Discussed,varchar
S1_Demographics,CYPHS_Safeguaring_Vulnerability_Factors_Indicator,varchar
S1_Demographics,CarerAdviceSupport,varchar
S1_Demographics,CarerAdviceSupportDate,datetime
S1_Demographics,CarerAdviceSupportDescription,varchar
S1_Demographics,Consent,varchar
S1_Demographics,ConsentDate,datetime
S1_Demographics,ConsentFlag,int
S1_Demographics,ConsentSource,varchar
S1_Demographics,CoordinationSupportPlan,varchar
S1_Demographics,CoordinationSupportPlanDate,datetime
S1_Demographics,CoordinationSupportPlanFlag,int
S1_Demographics,CoordinationSupportPlanSource,varchar
S1_Demographics,DateDeath,datetime
S1_Demographics,DateFrom,datetime
S1_Demographics,DeathIndicator,int
S1_Demographics,EmploymentMHSDSStatusCode,varchar
S1_Demographics,EmploymentMHSDSStatusDescription,varchar
S1_Demographics,Ethnicity,varchar
S1_Demographics,FallsAssessment_MFFADate,datetime
S1_Demographics,FallsOnwardReferralStatus,varchar
S1_Demographics,FallsOnwardReferralStatusDate,datetime
S1_Demographics,FallsOnwardReferralStatusDescription,varchar
S1_Demographics,FallsScreeningStatus,varchar
S1_Demographics,FallsScreeningStatusDate,datetime
S1_Demographics,FallsScreeningStatusDescription,varchar
S1_Demographics,Gender,char
S1_Demographics,HasCarer,varchar
S1_Demographics,HasCarerDate,datetime
S1_Demographics,HasCarerDescription,varchar
S1_Demographics,rid,varchar
S1_Demographics,_src_hash,varchar
S1_Demographics,trid,int
S1_Demographics,IDPractice,varchar
S1_Demographics,IMD_Decile,int
S1_Demographics,IMD_Rank,int
S1_Demographics,LSOA2011,varchar
S1_Demographics,LanguageDescription,varchar
S1_Demographics,LocalAuthorityResidenceCode,nvarchar
S1_Demographics,LocalAuthorityResidenceName,nvarchar
S1_Demographics,MHSDSWeeklyHoursWorkedCode,varchar
S1_Demographics,MHSDSWeeklyHoursWorkedDescription,varchar
S1_Demographics,MHSDS_Ethnicity,varchar
S1_Demographics,MHSDS_EthnicityDescription,varchar
S1_Demographics,MaritalStatusCode,varchar
S1_Demographics,MaritalStatusDescription,varchar
S1_Demographics,mrid,varchar
S1_Demographics,NHSNumberValid,int
S1_Demographics,NationalDataOptOut,int
S1_Demographics,NeighbourhoodTeamCode,varchar
S1_Demographics,NeighbourhoodTeamDescription,varchar
S1_Demographics,OccupationCode,varchar
S1_Demographics,OccupationDescription,varchar
S1_Demographics,PCNCode,nvarchar
S1_Demographics,PCNName,nvarchar
S1_Demographics,Person_Relationship_MainCarer,varchar
S1_Demographics,PostFallsAssessmentLetter,varchar
S1_Demographics,PostFallsAssessmentLetterDate,datetime
S1_Demographics,Practice_Name,nvarchar
S1_Demographics,RockwoodFrailtyScore,int
S1_Demographics,RockwoodFrailtyScore_Date,datetime
S1_Demographics,_when_processed_utc,datetime
S1_Diagnosis,Code,varchar
S1_Diagnosis,CodePosition,int
S1_Diagnosis,CodeScheme,varchar
S1_Diagnosis,DateActivity,datetime
S1_Diagnosis,DateAuthorised,datetime
S1_Diagnosis,DateConfirmed,datetime
S1_Diagnosis,DateCreated,datetime
S1_Diagnosis,DateDiagnosis,datetime
S1_Diagnosis,DateEnded,datetime
S1_Diagnosis,DateEpisodeEnd,datetime
S1_Diagnosis,DateEpisodeStart,datetime
S1_Diagnosis,Description,varchar
S1_Diagnosis,IDAppointment,bigint
S1_Diagnosis,IDAttendance,bigint
S1_Diagnosis,IDConsultantEvent,bigint
S1_Diagnosis,IDOrganisation,varchar
S1_Diagnosis,rid,varchar
S1_Diagnosis,trid,int
S1_Diagnosis,IDPatientRegistration,bigint
S1_Diagnosis,IDProfileConsultant,bigint
S1_Diagnosis,IDReferralIn,bigint
S1_Diagnosis,IdProfileCreatedBy,bigint
S1_Diagnosis,Laterality,varchar
S1_Diagnosis,New,bit
S1_Diagnosis,RowIdentifier,bigint
S1_Diagnosis,_src_hash,varchar
S1_Diagnosis,RwNo_Patient,int
S1_Diagnosis,RwNo_PatientPrimary,int
S1_Diagnosis,Site,varchar
S1_Diagnosis,TypeOfEpisode,varchar
S1_Diagnosis,mrid,varchar
S1_Diagnosis,_when_processed_utc,datetime
S1_Disability,CPFTGroup,int
S1_Disability,CPFT_ServiceCode,int
S1_Disability,CPFT_ServiceDescription,varchar
S1_Disability,CTV3Code,varchar
S1_Disability,CTV3Text,varchar
S1_Disability,CYPHS_Disability_Code,varchar
S1_Disability,DateEvent,datetime
S1_Disability,Directorate,varchar
S1_Disability,IDDoneBy,bigint
S1_Disability,IDEvent,bigint
S1_Disability,IDOrganisation,varchar
S1_Disability,rid,varchar
S1_Disability,trid,int
S1_Disability,IDReferralIn,bigint
S1_Disability,IDTemplate,bigint
S1_Disability,IsMentalHealth,int
S1_Disability,RowIdentifier,bigint
S1_Disability,_src_hash,varchar
S1_Disability,SNOMEDCode,bigint
S1_Disability,SNOMEDText,varchar
S1_Disability,StaffName,varchar
S1_Disability,TemplateName,varchar
S1_Disability,mrid,varchar
S1_Disability,_when_processed_utc,datetime
S1_DisabilityImpactPerception,CPFTGroup,int
S1_DisabilityImpactPerception,CPFT_ServiceCode,int
S1_DisabilityImpactPerception,CPFT_ServiceDescription,varchar
S1_DisabilityImpactPerception,CTV3Code,varchar
S1_DisabilityImpactPerception,CTV3Text,varchar
S1_DisabilityImpactPerception,CYPHS_Disability_Impact_Perception,varchar
S1_DisabilityImpactPerception,DateEvent,datetime
S1_DisabilityImpactPerception,Directorate,varchar
S1_DisabilityImpactPerception,IDDoneBy,bigint
S1_DisabilityImpactPerception,IDEvent,bigint
S1_DisabilityImpactPerception,IDOrganisation,varchar
S1_DisabilityImpactPerception,rid,varchar
S1_DisabilityImpactPerception,trid,int
S1_DisabilityImpactPerception,IDReferralIn,bigint
S1_DisabilityImpactPerception,IDTemplate,bigint
S1_DisabilityImpactPerception,IsMentalHealth,int
S1_DisabilityImpactPerception,RowIdentifier,bigint
S1_DisabilityImpactPerception,_src_hash,varchar
S1_DisabilityImpactPerception,SNOMEDCode,bigint
S1_DisabilityImpactPerception,SNOMEDText,varchar
S1_DisabilityImpactPerception,StaffName,varchar
S1_DisabilityImpactPerception,TemplateName,varchar
S1_DisabilityImpactPerception,mrid,varchar
S1_DisabilityImpactPerception,_when_processed_utc,datetime
S1_Employment,CPFTGroup,int
S1_Employment,CTV3Code,varchar
S1_Employment,CTV3Text,varchar
S1_Employment,DateEvent,datetime
S1_Employment,DateEventRecorded,datetime
S1_Employment,Directorate,varchar
S1_Employment,IDDoneBy,bigint
S1_Employment,IDOrganisation,varchar
S1_Employment,rid,varchar
S1_Employment,trid,int
S1_Employment,IDReferralIn,bigint
S1_Employment,IDTemplate,bigint
S1_Employment,IsLatest,int
S1_Employment,IsMentalHealth,int
S1_Employment,MHSDSCode,varchar
S1_Employment,MHSDSEmploymentStatus,varchar
S1_Employment,mrid,varchar
S1_Employment,Organisation,varchar
S1_Employment,RowIdentifier,bigint
S1_Employment,_src_hash,varchar
S1_Employment,RwNo,int
S1_Employment,SNOMEDCode,bigint
S1_Employment,SNOMEDText,varchar
S1_Employment,StaffName,varchar
S1_Employment,TemplateName,varchar
S1_Employment,TemplateVersion,int
S1_Employment,_when_processed_utc,datetime
S1_Event,ContactLocation,varchar
S1_Event,ContactLocationDescription,varchar
S1_Event,ContactMethod,varchar
S1_Event,ContactMethodDescription,varchar
S1_Event,IDEvent,bigint
S1_Event,IDReferralIn,bigint
S1_Event,RowIdentifier,bigint
S1_Event,_src_hash,varchar
S1_Event,_when_processed_utc,datetime
S1_FreeText_Honos_Scoring_Answers,FreeText,varchar
S1_FreeText_Honos_Scoring_Answers,Qno,varchar
S1_FreeText_Honos_Scoring_Answers,Question,varchar
S1_FreeText_Honos_Scoring_Answers,Score,varchar
S1_FreeText_Honos_Scoring_Answers,crate_pk,bigint
S1_FreeText_Honos_Scoring_Answers,_src_hash,varchar
S1_FreeText_Honos_Scoring_Answers,_when_processed_utc,datetime
S1_FreeText_Honos_Scoring_Questions,ConceptID,varchar
S1_FreeText_Honos_Scoring_Questions,Qno,varchar
S1_FreeText_Honos_Scoring_Questions,Question,varchar
S1_FreeText_Honos_Scoring_Questions,crate_pk,bigint
S1_FreeText_Honos_Scoring_Questions,_src_hash,varchar
S1_FreeText_Honos_Scoring_Questions,_when_processed_utc,datetime
S1_InpatientBedClosure,BedClosureReason,varchar
S1_InpatientBedClosure,BedClosureReasonDescription,varchar
S1_InpatientBedClosure,BedDeleted,int
S1_InpatientBedClosure,BedName,varchar
S1_InpatientBedClosure,CPFTGroup,int
S1_InpatientBedClosure,CPFT_ServiceCode,int
S1_InpatientBedClosure,CPFT_ServiceDescription,varchar
S1_InpatientBedClosure,DateBedClosureEnd,datetime
S1_InpatientBedClosure,DateBedClosureStart,datetime
S1_InpatientBedClosure,DateDeleted,datetime
S1_InpatientBedClosure,Directorate,varchar
S1_InpatientBedClosure,IDLocation,bigint
S1_InpatientBedClosure,IDOrganisation,varchar
S1_InpatientBedClosure,IsMentalHealth,int
S1_InpatientBedClosure,Organisation,varchar
S1_InpatientBedClosure,RowIdentifier,bigint
S1_InpatientBedClosure,WardID,int
S1_InpatientBedClosure,WardName,varchar
S1_InpatientBedClosure,_when_processed_utc,datetime
S1_InpatientWardStay,DateCreated,datetime
S1_InpatientWardStay,DateEnd,datetime
S1_InpatientWardStay,DateExpectedEnd,datetime
S1_InpatientWardStay,DateStayStart,datetime
S1_InpatientWardStay,IDHospitalAdmissionAndDischarge,bigint
S1_InpatientWardStay,IDOrganisation,varchar
S1_InpatientWardStay,rid,varchar
S1_InpatientWardStay,trid,int
S1_InpatientWardStay,IDReferralIn,bigint
S1_InpatientWardStay,IsMentalHealth,int
S1_InpatientWardStay,Organisation,varchar
S1_InpatientWardStay,PlaceName,varchar
S1_InpatientWardStay,RowIdentifier,bigint
S1_InpatientWardStay,_src_hash,varchar
S1_InpatientWardStay,WardStayOrder,int
S1_InpatientWardStay,mrid,varchar
S1_InpatientWardStay,_when_processed_utc,datetime
S1_Medical_History_Previous_Diagnosis,CPFTGroup,int
S1_Medical_History_Previous_Diagnosis,CPFT_ServiceCode,int
S1_Medical_History_Previous_Diagnosis,CPFT_ServiceDescription,varchar
S1_Medical_History_Previous_Diagnosis,CTV3Code,varchar
S1_Medical_History_Previous_Diagnosis,CTV3Text,varchar
S1_Medical_History_Previous_Diagnosis,DateEvent,datetime
S1_Medical_History_Previous_Diagnosis,Directorate,varchar
S1_Medical_History_Previous_Diagnosis,IDDoneBy,bigint
S1_Medical_History_Previous_Diagnosis,IDOrganisation,varchar
S1_Medical_History_Previous_Diagnosis,rid,varchar
S1_Medical_History_Previous_Diagnosis,trid,int
S1_Medical_History_Previous_Diagnosis,IDReferralIn,bigint
S1_Medical_History_Previous_Diagnosis,IDTemplate,bigint
S1_Medical_History_Previous_Diagnosis,IsMentalHealth,int
S1_Medical_History_Previous_Diagnosis,RowIdentifier,bigint
S1_Medical_History_Previous_Diagnosis,_src_hash,varchar
S1_Medical_History_Previous_Diagnosis,SNOMEDCode,bigint
S1_Medical_History_Previous_Diagnosis,SNOMEDText,varchar
S1_Medical_History_Previous_Diagnosis,StaffName,varchar
S1_Medical_History_Previous_Diagnosis,TemplateName,varchar
S1_Medical_History_Previous_Diagnosis,mrid,varchar
S1_Medical_History_Previous_Diagnosis,_when_processed_utc,datetime
S1_NDOptOutPreference,IDOrganisationVisibleTo,varchar
S1_NDOptOutPreference,rid,varchar
S1_NDOptOutPreference,trid,int
S1_NDOptOutPreference,New,bit
S1_NDOptOutPreference,RowIdentifier,bigint
S1_NDOptOutPreference,_src_hash,varchar
S1_NDOptOutPreference,mrid,varchar
S1_NDOptOutPreference,_when_processed_utc,datetime
S1_Newborn_Bloodspot_Congenital_Hyperthyroidism,CPFTGroup,int
S1_Newborn_Bloodspot_Congenital_Hyperthyroidism,CPFT_ServiceCode,int
S1_Newborn_Bloodspot_Congenital_Hyperthyroidism,CPFT_ServiceDescription,varchar
S1_Newborn_Bloodspot_Congenital_Hyperthyroidism,CTV3Code,varchar
S1_Newborn_Bloodspot_Congenital_Hyperthyroidism,CTV3Text,varchar
S1_Newborn_Bloodspot_Congenital_Hyperthyroidism,CYPHS_Newborn_Bloodspot_Congenital_Hyperthyroidism,varchar
S1_Newborn_Bloodspot_Congenital_Hyperthyroidism,DateEvent,datetime
S1_Newborn_Bloodspot_Congenital_Hyperthyroidism,Directorate,varchar
S1_Newborn_Bloodspot_Congenital_Hyperthyroidism,IDDoneBy,bigint
S1_Newborn_Bloodspot_Congenital_Hyperthyroidism,IDOrganisation,varchar
S1_Newborn_Bloodspot_Congenital_Hyperthyroidism,rid,varchar
S1_Newborn_Bloodspot_Congenital_Hyperthyroidism,trid,int
S1_Newborn_Bloodspot_Congenital_Hyperthyroidism,IDReferralIn,bigint
S1_Newborn_Bloodspot_Congenital_Hyperthyroidism,IDTemplate,bigint
S1_Newborn_Bloodspot_Congenital_Hyperthyroidism,RowIdentifier,bigint
S1_Newborn_Bloodspot_Congenital_Hyperthyroidism,_src_hash,varchar
S1_Newborn_Bloodspot_Congenital_Hyperthyroidism,StaffName,varchar
S1_Newborn_Bloodspot_Congenital_Hyperthyroidism,TemplateName,varchar
S1_Newborn_Bloodspot_Congenital_Hyperthyroidism,mrid,varchar
S1_Newborn_Bloodspot_Congenital_Hyperthyroidism,_when_processed_utc,datetime
S1_Newborn_Bloodspot_Cystic_Fibrosis,CPFTGroup,int
S1_Newborn_Bloodspot_Cystic_Fibrosis,CPFT_ServiceCode,int
S1_Newborn_Bloodspot_Cystic_Fibrosis,CPFT_ServiceDescription,varchar
S1_Newborn_Bloodspot_Cystic_Fibrosis,CTV3Code,varchar
S1_Newborn_Bloodspot_Cystic_Fibrosis,CTV3Text,varchar
S1_Newborn_Bloodspot_Cystic_Fibrosis,CYPHS_Newborn_Bloodspot_Cystic_Fibrosis,varchar
S1_Newborn_Bloodspot_Cystic_Fibrosis,DateEvent,datetime
S1_Newborn_Bloodspot_Cystic_Fibrosis,Directorate,varchar
S1_Newborn_Bloodspot_Cystic_Fibrosis,IDDoneBy,bigint
S1_Newborn_Bloodspot_Cystic_Fibrosis,IDOrganisation,varchar
S1_Newborn_Bloodspot_Cystic_Fibrosis,rid,varchar
S1_Newborn_Bloodspot_Cystic_Fibrosis,trid,int
S1_Newborn_Bloodspot_Cystic_Fibrosis,IDReferralIn,bigint
S1_Newborn_Bloodspot_Cystic_Fibrosis,IDTemplate,bigint
S1_Newborn_Bloodspot_Cystic_Fibrosis,RowIdentifier,bigint
S1_Newborn_Bloodspot_Cystic_Fibrosis,_src_hash,varchar
S1_Newborn_Bloodspot_Cystic_Fibrosis,StaffName,varchar
S1_Newborn_Bloodspot_Cystic_Fibrosis,TemplateName,varchar
S1_Newborn_Bloodspot_Cystic_Fibrosis,mrid,varchar
S1_Newborn_Bloodspot_Cystic_Fibrosis,_when_processed_utc,datetime
S1_Newborn_Bloodspot_Dehydrogenase_Deficiency,CPFTGroup,int
S1_Newborn_Bloodspot_Dehydrogenase_Deficiency,CPFT_ServiceCode,int
S1_Newborn_Bloodspot_Dehydrogenase_Deficiency,CPFT_ServiceDescription,varchar
S1_Newborn_Bloodspot_Dehydrogenase_Deficiency,CTV3Code,varchar
S1_Newborn_Bloodspot_Dehydrogenase_Deficiency,CTV3Text,varchar
S1_Newborn_Bloodspot_Dehydrogenase_Deficiency,CYPHS_Newborn_Bloodspot_Dehydrogenase_Deficiency,varchar
S1_Newborn_Bloodspot_Dehydrogenase_Deficiency,DateEvent,datetime
S1_Newborn_Bloodspot_Dehydrogenase_Deficiency,Directorate,varchar
S1_Newborn_Bloodspot_Dehydrogenase_Deficiency,IDDoneBy,bigint
S1_Newborn_Bloodspot_Dehydrogenase_Deficiency,IDOrganisation,varchar
S1_Newborn_Bloodspot_Dehydrogenase_Deficiency,rid,varchar
S1_Newborn_Bloodspot_Dehydrogenase_Deficiency,trid,int
S1_Newborn_Bloodspot_Dehydrogenase_Deficiency,IDReferralIn,bigint
S1_Newborn_Bloodspot_Dehydrogenase_Deficiency,IDTemplate,bigint
S1_Newborn_Bloodspot_Dehydrogenase_Deficiency,RowIdentifier,bigint
S1_Newborn_Bloodspot_Dehydrogenase_Deficiency,_src_hash,varchar
S1_Newborn_Bloodspot_Dehydrogenase_Deficiency,StaffName,varchar
S1_Newborn_Bloodspot_Dehydrogenase_Deficiency,TemplateName,varchar
S1_Newborn_Bloodspot_Dehydrogenase_Deficiency,mrid,varchar
S1_Newborn_Bloodspot_Dehydrogenase_Deficiency,_when_processed_utc,datetime
S1_Newborn_Bloodspot_Glutaric_Aciduria_Type1,CPFTGroup,int
S1_Newborn_Bloodspot_Glutaric_Aciduria_Type1,CPFT_ServiceCode,int
S1_Newborn_Bloodspot_Glutaric_Aciduria_Type1,CPFT_ServiceDescription,varchar
S1_Newborn_Bloodspot_Glutaric_Aciduria_Type1,CTV3Code,varchar
S1_Newborn_Bloodspot_Glutaric_Aciduria_Type1,CTV3Text,varchar
S1_Newborn_Bloodspot_Glutaric_Aciduria_Type1,CYPHS_Newborn_Bloodspot_Glutaric_Aciduria_Type1,varchar
S1_Newborn_Bloodspot_Glutaric_Aciduria_Type1,DateEvent,datetime
S1_Newborn_Bloodspot_Glutaric_Aciduria_Type1,Directorate,varchar
S1_Newborn_Bloodspot_Glutaric_Aciduria_Type1,IDDoneBy,bigint
S1_Newborn_Bloodspot_Glutaric_Aciduria_Type1,IDOrganisation,varchar
S1_Newborn_Bloodspot_Glutaric_Aciduria_Type1,rid,varchar
S1_Newborn_Bloodspot_Glutaric_Aciduria_Type1,trid,int
S1_Newborn_Bloodspot_Glutaric_Aciduria_Type1,IDReferralIn,bigint
S1_Newborn_Bloodspot_Glutaric_Aciduria_Type1,IDTemplate,bigint
S1_Newborn_Bloodspot_Glutaric_Aciduria_Type1,RowIdentifier,bigint
S1_Newborn_Bloodspot_Glutaric_Aciduria_Type1,_src_hash,varchar
S1_Newborn_Bloodspot_Glutaric_Aciduria_Type1,StaffName,varchar
S1_Newborn_Bloodspot_Glutaric_Aciduria_Type1,TemplateName,varchar
S1_Newborn_Bloodspot_Glutaric_Aciduria_Type1,mrid,varchar
S1_Newborn_Bloodspot_Glutaric_Aciduria_Type1,_when_processed_utc,datetime
S1_Newborn_Bloodspot_Homocystinuria,CPFTGroup,int
S1_Newborn_Bloodspot_Homocystinuria,CPFT_ServiceCode,int
S1_Newborn_Bloodspot_Homocystinuria,CPFT_ServiceDescription,varchar
S1_Newborn_Bloodspot_Homocystinuria,CTV3Code,varchar
S1_Newborn_Bloodspot_Homocystinuria,CTV3Text,varchar
S1_Newborn_Bloodspot_Homocystinuria,CYPHS_Newborn_Bloodspot_Homocystinuria,varchar
S1_Newborn_Bloodspot_Homocystinuria,DateEvent,datetime
S1_Newborn_Bloodspot_Homocystinuria,Directorate,varchar
S1_Newborn_Bloodspot_Homocystinuria,IDDoneBy,bigint
S1_Newborn_Bloodspot_Homocystinuria,IDOrganisation,varchar
S1_Newborn_Bloodspot_Homocystinuria,rid,varchar
S1_Newborn_Bloodspot_Homocystinuria,trid,int
S1_Newborn_Bloodspot_Homocystinuria,IDReferralIn,bigint
S1_Newborn_Bloodspot_Homocystinuria,IDTemplate,bigint
S1_Newborn_Bloodspot_Homocystinuria,RowIdentifier,bigint
S1_Newborn_Bloodspot_Homocystinuria,_src_hash,varchar
S1_Newborn_Bloodspot_Homocystinuria,StaffName,varchar
S1_Newborn_Bloodspot_Homocystinuria,TemplateName,varchar
S1_Newborn_Bloodspot_Homocystinuria,mrid,varchar
S1_Newborn_Bloodspot_Homocystinuria,_when_processed_utc,datetime
S1_Newborn_Bloodspot_Isovaleric_Aciduria,CPFTGroup,int
S1_Newborn_Bloodspot_Isovaleric_Aciduria,CPFT_ServiceCode,int
S1_Newborn_Bloodspot_Isovaleric_Aciduria,CPFT_ServiceDescription,varchar
S1_Newborn_Bloodspot_Isovaleric_Aciduria,CTV3Code,varchar
S1_Newborn_Bloodspot_Isovaleric_Aciduria,CTV3Text,varchar
S1_Newborn_Bloodspot_Isovaleric_Aciduria,CYPHS_Newborn_Bloodspot_Isovaleric_Aciduria,varchar
S1_Newborn_Bloodspot_Isovaleric_Aciduria,DateEvent,datetime
S1_Newborn_Bloodspot_Isovaleric_Aciduria,Directorate,varchar
S1_Newborn_Bloodspot_Isovaleric_Aciduria,IDDoneBy,bigint
S1_Newborn_Bloodspot_Isovaleric_Aciduria,IDOrganisation,varchar
S1_Newborn_Bloodspot_Isovaleric_Aciduria,rid,varchar
S1_Newborn_Bloodspot_Isovaleric_Aciduria,trid,int
S1_Newborn_Bloodspot_Isovaleric_Aciduria,IDReferralIn,bigint
S1_Newborn_Bloodspot_Isovaleric_Aciduria,IDTemplate,bigint
S1_Newborn_Bloodspot_Isovaleric_Aciduria,RowIdentifier,bigint
S1_Newborn_Bloodspot_Isovaleric_Aciduria,_src_hash,varchar
S1_Newborn_Bloodspot_Isovaleric_Aciduria,StaffName,varchar
S1_Newborn_Bloodspot_Isovaleric_Aciduria,TemplateName,varchar
S1_Newborn_Bloodspot_Isovaleric_Aciduria,mrid,varchar
S1_Newborn_Bloodspot_Isovaleric_Aciduria,_when_processed_utc,datetime
S1_Newborn_Bloodspot_Maple_Syrup_Urine,CPFTGroup,int
S1_Newborn_Bloodspot_Maple_Syrup_Urine,CPFT_ServiceCode,int
S1_Newborn_Bloodspot_Maple_Syrup_Urine,CPFT_ServiceDescription,varchar
S1_Newborn_Bloodspot_Maple_Syrup_Urine,CTV3Code,varchar
S1_Newborn_Bloodspot_Maple_Syrup_Urine,CTV3Text,varchar
S1_Newborn_Bloodspot_Maple_Syrup_Urine,CYPHS_Newborn_Bloodspot_Maple_Syrup_Urine,varchar
S1_Newborn_Bloodspot_Maple_Syrup_Urine,DateEvent,datetime
S1_Newborn_Bloodspot_Maple_Syrup_Urine,Directorate,varchar
S1_Newborn_Bloodspot_Maple_Syrup_Urine,IDDoneBy,bigint
S1_Newborn_Bloodspot_Maple_Syrup_Urine,IDOrganisation,varchar
S1_Newborn_Bloodspot_Maple_Syrup_Urine,rid,varchar
S1_Newborn_Bloodspot_Maple_Syrup_Urine,trid,int
S1_Newborn_Bloodspot_Maple_Syrup_Urine,IDReferralIn,bigint
S1_Newborn_Bloodspot_Maple_Syrup_Urine,IDTemplate,bigint
S1_Newborn_Bloodspot_Maple_Syrup_Urine,RowIdentifier,bigint
S1_Newborn_Bloodspot_Maple_Syrup_Urine,_src_hash,varchar
S1_Newborn_Bloodspot_Maple_Syrup_Urine,StaffName,varchar
S1_Newborn_Bloodspot_Maple_Syrup_Urine,TemplateName,varchar
S1_Newborn_Bloodspot_Maple_Syrup_Urine,mrid,varchar
S1_Newborn_Bloodspot_Maple_Syrup_Urine,_when_processed_utc,datetime
S1_Newborn_Bloodspot_Phenylketonuria,CPFTGroup,int
S1_Newborn_Bloodspot_Phenylketonuria,CPFT_ServiceCode,int
S1_Newborn_Bloodspot_Phenylketonuria,CPFT_ServiceDescription,varchar
S1_Newborn_Bloodspot_Phenylketonuria,CTV3Code,varchar
S1_Newborn_Bloodspot_Phenylketonuria,CTV3Text,varchar
S1_Newborn_Bloodspot_Phenylketonuria,CYPHS_Newborn_Bloodspot_Phenylketonuria,varchar
S1_Newborn_Bloodspot_Phenylketonuria,DateEvent,datetime
S1_Newborn_Bloodspot_Phenylketonuria,Directorate,varchar
S1_Newborn_Bloodspot_Phenylketonuria,IDDoneBy,bigint
S1_Newborn_Bloodspot_Phenylketonuria,IDOrganisation,varchar
S1_Newborn_Bloodspot_Phenylketonuria,rid,varchar
S1_Newborn_Bloodspot_Phenylketonuria,trid,int
S1_Newborn_Bloodspot_Phenylketonuria,IDReferralIn,bigint
S1_Newborn_Bloodspot_Phenylketonuria,IDTemplate,bigint
S1_Newborn_Bloodspot_Phenylketonuria,RowIdentifier,bigint
S1_Newborn_Bloodspot_Phenylketonuria,_src_hash,varchar
S1_Newborn_Bloodspot_Phenylketonuria,StaffName,varchar
S1_Newborn_Bloodspot_Phenylketonuria,TemplateName,varchar
S1_Newborn_Bloodspot_Phenylketonuria,mrid,varchar
S1_Newborn_Bloodspot_Phenylketonuria,_when_processed_utc,datetime
S1_Newborn_Bloodspot_SickleCell,CPFTGroup,int
S1_Newborn_Bloodspot_SickleCell,CPFT_ServiceCode,int
S1_Newborn_Bloodspot_SickleCell,CPFT_ServiceDescription,varchar
S1_Newborn_Bloodspot_SickleCell,CTV3Code,varchar
S1_Newborn_Bloodspot_SickleCell,CTV3Text,varchar
S1_Newborn_Bloodspot_SickleCell,CYPHS_Newborn_Bloodspot_SickleCell,varchar
S1_Newborn_Bloodspot_SickleCell,DateEvent,datetime
S1_Newborn_Bloodspot_SickleCell,Directorate,varchar
S1_Newborn_Bloodspot_SickleCell,IDDoneBy,bigint
S1_Newborn_Bloodspot_SickleCell,IDOrganisation,varchar
S1_Newborn_Bloodspot_SickleCell,rid,varchar
S1_Newborn_Bloodspot_SickleCell,trid,int
S1_Newborn_Bloodspot_SickleCell,IDReferralIn,bigint
S1_Newborn_Bloodspot_SickleCell,IDTemplate,bigint
S1_Newborn_Bloodspot_SickleCell,RowIdentifier,bigint
S1_Newborn_Bloodspot_SickleCell,_src_hash,varchar
S1_Newborn_Bloodspot_SickleCell,StaffName,varchar
S1_Newborn_Bloodspot_SickleCell,TemplateName,varchar
S1_Newborn_Bloodspot_SickleCell,mrid,varchar
S1_Newborn_Bloodspot_SickleCell,_when_processed_utc,datetime
S1_OutOfHours,AgeAtAttendance,int
S1_OutOfHours,AgeBand,varchar
S1_OutOfHours,AgeBandSort,int
S1_OutOfHours,CCG_Code,varchar
S1_OutOfHours,CCG_Code_Reporting,varchar
S1_OutOfHours,CCG_Name,varchar
S1_OutOfHours,CCG_Name_Reporting,varchar
S1_OutOfHours,CaseType,varchar
S1_OutOfHours,CloseCaseFollowUp,bigint
S1_OutOfHours,CloseCaseFollowUpDescription,varchar
S1_OutOfHours,ClosedCoreActivity,bigint
S1_OutOfHours,CoreActivityDescription,varchar
S1_OutOfHours,DDimerLevel,int
S1_OutOfHours,DDimerLevelBand,varchar
S1_OutOfHours,DDimerLevelValue,float
S1_OutOfHours,DVTScreening,int
S1_OutOfHours,DateClosed,datetime
S1_OutOfHours,DateInitialAssessment,datetime
S1_OutOfHours,DateStarted,datetime
S1_OutOfHours,DateTreatment,datetime
S1_OutOfHours,DateWalkedIn,datetime
S1_OutOfHours,DayOfWk,int
S1_OutOfHours,DayOfWkName,nvarchar
S1_OutOfHours,DidNotWait,int
S1_OutOfHours,Directorate,varchar
S1_OutOfHours,HourofDay,int
S1_OutOfHours,IDOOHCase,bigint
S1_OutOfHours,IDOrganisation,varchar
S1_OutOfHours,rid,varchar
S1_OutOfHours,trid,int
S1_OutOfHours,IDPatientSeq,int
S1_OutOfHours,IDPractice,varchar
S1_OutOfHours,IDPractice_Reporting,varchar
S1_OutOfHours,IDProfileEnteredBy,bigint
S1_OutOfHours,IsMentalHealth,int
S1_OutOfHours,mrid,varchar
S1_OutOfHours,NeighbourhoodTeamCode,varchar
S1_OutOfHours,NeighbourhoodTeamDescription,varchar
S1_OutOfHours,Organisation,varchar
S1_OutOfHours,PCNCode,nvarchar
S1_OutOfHours,PCNName,varchar
S1_OutOfHours,Practice_Name,nvarchar
S1_OutOfHours,Practice_Name_Reporting,nvarchar
S1_OutOfHours,ReAdmit7Days,int
S1_OutOfHours,RowIdentifier,bigint
S1_OutOfHours,_src_hash,varchar
S1_OutOfHours,StaffName,varchar
S1_OutOfHours,StaffRole,varchar
S1_OutOfHours,TimeToAssessment_Mins,int
S1_OutOfHours,TimeToTreatment_Mins,int
S1_OutOfHours,TotalTime_Mins,int
S1_OutOfHours,_when_processed_utc,datetime
S1_OutOfHoursAction,ActionType,varchar
S1_OutOfHoursAction,ActionTypeDescription,varchar
S1_OutOfHoursAction,DateAction,datetime
S1_OutOfHoursAction,DateEventRecorded,datetime
S1_OutOfHoursAction,IDCase,bigint
S1_OutOfHoursAction,IDOohCase,bigint
S1_OutOfHoursAction,IDOrganisation,varchar
S1_OutOfHoursAction,rid,varchar
S1_OutOfHoursAction,trid,int
S1_OutOfHoursAction,RowIdentifier,bigint
S1_OutOfHoursAction,_src_hash,varchar
S1_OutOfHoursAction,RwNo,bigint
S1_OutOfHoursAction,mrid,varchar
S1_OutOfHoursAction,_when_processed_utc,datetime
S1_OutOfHoursAssessment,AssessmentType,varchar
S1_OutOfHoursAssessment,AssessmentTypeDescription,varchar
S1_OutOfHoursAssessment,DateAssessment,datetime
S1_OutOfHoursAssessment,DateEventRecorded,datetime
S1_OutOfHoursAssessment,IDCase,bigint
S1_OutOfHoursAssessment,IDOohCase,bigint
S1_OutOfHoursAssessment,IDOrganisation,varchar
S1_OutOfHoursAssessment,rid,varchar
S1_OutOfHoursAssessment,trid,int
S1_OutOfHoursAssessment,Priority,varchar
S1_OutOfHoursAssessment,PriorityType,varchar
S1_OutOfHoursAssessment,RowIdentifier,bigint
S1_OutOfHoursAssessment,_src_hash,varchar
S1_OutOfHoursAssessment,RwNo,int
S1_OutOfHoursAssessment,mrid,varchar
S1_OutOfHoursAssessment,_when_processed_utc,datetime
S1_OutOfHoursCaseOutcome,Activity,varchar
S1_OutOfHoursCaseOutcome,ActivityDescription,varchar
S1_OutOfHoursCaseOutcome,ActivityDtValue,datetime
S1_OutOfHoursCaseOutcome,ActivityType,varchar
S1_OutOfHoursCaseOutcome,ActivityTypeDescription,varchar
S1_OutOfHoursCaseOutcome,IDOohCase,bigint
S1_OutOfHoursCaseOutcome,rid,varchar
S1_OutOfHoursCaseOutcome,trid,int
S1_OutOfHoursCaseOutcome,RowIdentifier,bigint
S1_OutOfHoursCaseOutcome,_src_hash,varchar
S1_OutOfHoursCaseOutcome,RwNo,bigint
S1_OutOfHoursCaseOutcome,mrid,varchar
S1_OutOfHoursCaseOutcome,_when_processed_utc,datetime
S1_OutOfHoursSRCodeInformation,CTV3Code,varchar
S1_OutOfHoursSRCodeInformation,CTV3Text,varchar
S1_OutOfHoursSRCodeInformation,Category,int
S1_OutOfHoursSRCodeInformation,CategoryDescription,varchar
S1_OutOfHoursSRCodeInformation,DateEvent,datetime
S1_OutOfHoursSRCodeInformation,DateEventRecorded,datetime
S1_OutOfHoursSRCodeInformation,rid,varchar
S1_OutOfHoursSRCodeInformation,trid,int
S1_OutOfHoursSRCodeInformation,IDReferralIn,bigint
S1_OutOfHoursSRCodeInformation,IsNumeric,int
S1_OutOfHoursSRCodeInformation,NumericValue,float
S1_OutOfHoursSRCodeInformation,RwNo,bigint
S1_OutOfHoursSRCodeInformation,SNOMEDCode,bigint
S1_OutOfHoursSRCodeInformation,SNOMEDText,varchar
S1_OutOfHoursSRCodeInformation,mrid,varchar
S1_OutOfHoursSRCodeInformation,_when_processed_utc,datetime
S1_OverseasVisitorChargingCategory,DateEvent,datetime
S1_OverseasVisitorChargingCategory,DateEventRecorded,datetime
S1_OverseasVisitorChargingCategory,IDDoneBy,bigint
S1_OverseasVisitorChargingCategory,IDEvent,bigint
S1_OverseasVisitorChargingCategory,IDOrganisation,varchar
S1_OverseasVisitorChargingCategory,rid,varchar
S1_OverseasVisitorChargingCategory,trid,int
S1_OverseasVisitorChargingCategory,IDProfileEnteredBy,bigint
S1_OverseasVisitorChargingCategory,IDReferralIn,bigint
S1_OverseasVisitorChargingCategory,New,bit
S1_OverseasVisitorChargingCategory,OverseasVisitorChargingCategory,varchar
S1_OverseasVisitorChargingCategory,RowIdentifier,bigint
S1_OverseasVisitorChargingCategory,_src_hash,varchar
S1_OverseasVisitorChargingCategory,TextualEventDoneBy,varchar
S1_OverseasVisitorChargingCategory,mrid,varchar
S1_OverseasVisitorChargingCategory,_when_processed_utc,datetime
S1_Patient,DOB,date
S1_Patient,DateDeath,datetime
S1_Patient,DeathIndicator,int
S1_Patient,Gender,char
S1_Patient,rid,varchar
S1_Patient,trid,int
S1_Patient,mrid,varchar
S1_Patient,NationalDataOptOut,int
S1_Patient,RowIdentifier,varchar
S1_Patient,SpeaksEnglish,int
S1_Patient,SpineMatched,int
S1_Patient,_when_processed_utc,datetime
S1_PatientAddress,DateEvent,datetime
S1_PatientAddress,DateEventRecorded,datetime
S1_PatientAddress,rid,varchar
S1_PatientAddress,trid,int
S1_PatientAddress,RowIdentifier,bigint
S1_PatientAddress,_src_hash,varchar
S1_PatientAddress,mrid,varchar
S1_PatientAddress,_when_processed_utc,datetime
S1_PatientContact,rid,varchar
S1_PatientContact,trid,int
S1_PatientContact,mrid,varchar
S1_PatientContact,_when_processed_utc,datetime
S1_PatientEthnicity,CTV3Code,varchar
S1_PatientEthnicity,CTV3Text,varchar
S1_PatientEthnicity,DateEvent,datetime
S1_PatientEthnicity,DateEventRecorded,datetime
S1_PatientEthnicity,rid,varchar
S1_PatientEthnicity,trid,int
S1_PatientEthnicity,IDReferralIn,bigint
S1_PatientEthnicity,IsNumeric,int
S1_PatientEthnicity,NationalCode,varchar
S1_PatientEthnicity,NumericValue,int
S1_PatientEthnicity,RwNo,bigint
S1_PatientEthnicity,SNOMEDCode,bigint
S1_PatientEthnicity,SNOMEDText,varchar
S1_PatientEthnicity,mrid,varchar
S1_PatientEthnicity,_when_processed_utc,datetime
S1_PatientGPPractice,CCG_Code,varchar
S1_PatientGPPractice,CCG_Name,varchar
S1_PatientGPPractice,DateFrom,datetime
S1_PatientGPPractice,DateTo,datetime
S1_PatientGPPractice,rid,varchar
S1_PatientGPPractice,_src_hash,varchar
S1_PatientGPPractice,trid,int
S1_PatientGPPractice,IDPractice,varchar
S1_PatientGPPractice,NeighbourhoodTeamCode,varchar
S1_PatientGPPractice,NeighbourhoodTeamDescription,varchar
S1_PatientGPPractice,Practice_Name,nvarchar
S1_PatientGPPractice,RwNo,bigint
S1_PatientGPPractice,mrid,varchar
S1_PatientGPPractice,_when_processed_utc,datetime
S1_PatientLanguageDeathOptions,CTV3Code,varchar
S1_PatientLanguageDeathOptions,CTV3Text,varchar
S1_PatientLanguageDeathOptions,Category,int
S1_PatientLanguageDeathOptions,CategoryDescription,varchar
S1_PatientLanguageDeathOptions,DateEvent,datetime
S1_PatientLanguageDeathOptions,DateEventRecorded,datetime
S1_PatientLanguageDeathOptions,rid,varchar
S1_PatientLanguageDeathOptions,trid,int
S1_PatientLanguageDeathOptions,IDReferralIn,bigint
S1_PatientLanguageDeathOptions,IsNumeric,int
S1_PatientLanguageDeathOptions,NationalCode,varchar
S1_PatientLanguageDeathOptions,NationalDescription,varchar
S1_PatientLanguageDeathOptions,NumericValue,int
S1_PatientLanguageDeathOptions,RwNo,bigint
S1_PatientLanguageDeathOptions,SNOMEDCode,bigint
S1_PatientLanguageDeathOptions,SNOMEDText,varchar
S1_PatientLanguageDeathOptions,mrid,varchar
S1_PatientLanguageDeathOptions,_when_processed_utc,datetime
S1_PatientRelationship,CaresForPatient,bit
S1_PatientRelationship,ContactOrder,int
S1_PatientRelationship,DateDeath,datetime
S1_PatientRelationship,DateEvent,datetime
S1_PatientRelationship,FinancialRepresentative,bit
S1_PatientRelationship,HasParentalResponsibility,bit
S1_PatientRelationship,rid,varchar
S1_PatientRelationship,trid,int
S1_PatientRelationship,IDRelationshipWithPatient,varchar
S1_PatientRelationship,NextOfKin,bit
S1_PatientRelationship,PersonalGuardianOrProxy,varchar
S1_PatientRelationship,PrincipalCarerForPatient,bit
S1_PatientRelationship,RelationshipType,varchar
S1_PatientRelationship,RelationshipWithSex,char
S1_PatientRelationship,mrid,varchar
S1_PatientRelationship,_when_processed_utc,datetime
S1_PatientRelationshipMother,DateEvent,datetime
S1_PatientRelationshipMother,rid,varchar
S1_PatientRelationshipMother,_src_hash,varchar
S1_PatientRelationshipMother,trid,int
S1_PatientRelationshipMother,IDRelationshipWithPatient,varchar
S1_PatientRelationshipMother,mrid,varchar
S1_PatientRelationshipMother,_when_processed_utc,datetime
S1_PatientSRCodeInformation,CTV3Code,varchar
S1_PatientSRCodeInformation,CTV3Text,varchar
S1_PatientSRCodeInformation,Category,int
S1_PatientSRCodeInformation,CategoryDescription,varchar
S1_PatientSRCodeInformation,DateEvent,datetime
S1_PatientSRCodeInformation,DateEventRecorded,datetime
S1_PatientSRCodeInformation,rid,varchar
S1_PatientSRCodeInformation,trid,int
S1_PatientSRCodeInformation,IDReferralIn,bigint
S1_PatientSRCodeInformation,IsNumeric,int
S1_PatientSRCodeInformation,NumericValue,float
S1_PatientSRCodeInformation,RwNo,bigint
S1_PatientSRCodeInformation,SNOMEDCode,bigint
S1_PatientSRCodeInformation,SNOMEDText,varchar
S1_PatientSRCodeInformation,mrid,varchar
S1_PatientSRCodeInformation,_when_processed_utc,datetime
S1_PersonAtRisk,CPFT_OrganisationDoneAt,varchar
S1_PersonAtRisk,DateAdded,datetime
S1_PersonAtRisk,DateRemoved,datetime
S1_PersonAtRisk,IDOrganisation,varchar
S1_PersonAtRisk,IDOrganisationVisibleTo,varchar
S1_PersonAtRisk,rid,varchar
S1_PersonAtRisk,trid,int
S1_PersonAtRisk,OrganisationVisibleTo,varchar
S1_PersonAtRisk,Organisation_IncludingOthers,varchar
S1_PersonAtRisk,ReasonForPlan,text
S1_PersonAtRisk,ReasonForPlanDescription,varchar
S1_PersonAtRisk,RemovalReason,varchar
S1_PersonAtRisk,RowIdentifier,bigint
S1_PersonAtRisk,_src_hash,varchar
S1_PersonAtRisk,RwNo,bigint
S1_PersonAtRisk,mrid,varchar
S1_PersonAtRisk,_when_processed_utc,datetime
S1_PRISM_ReReferral,DateDischarge,datetime
S1_PRISM_ReReferral,rid,varchar
S1_PRISM_ReReferral,trid,int
S1_PRISM_ReReferral,IDPractice,varchar
S1_PRISM_ReReferral,MonthYear,nvarchar
S1_PRISM_ReReferral,mrid,varchar
S1_PRISM_ReReferral,NeighbourhoodTeamCode,varchar
S1_PRISM_ReReferral,NeighbourhoodTeamDescription,varchar
S1_PRISM_ReReferral,Practice_Name,nvarchar
S1_PRISM_ReReferral,ReReferralDateTime,datetime
S1_PRISM_ReReferral,ReReferralDays,int
S1_PRISM_ReReferral,ReReferralDischargeDate,datetime
S1_PRISM_ReReferral,ReReferralGrouping,varchar
S1_PRISM_ReReferral,ReReferralNeighbourhoodTeam,varchar
S1_PRISM_ReReferral,ReReferralNeighbourhoodTeamCode,varchar
S1_PRISM_ReReferral,ReReferralPractice,nvarchar
S1_PRISM_ReReferral,ReReferralPracticeID,varchar
S1_PRISM_ReReferral,ReferralDateTime,datetime
S1_PRISM_ReReferral,YearMonth,varchar
S1_PRISM_ReReferral,_when_processed_utc,datetime
S1_Provisional_Diagnosis,CPFTGroup,int
S1_Provisional_Diagnosis,CPFT_ServiceCode,int
S1_Provisional_Diagnosis,CPFT_ServiceDescription,varchar
S1_Provisional_Diagnosis,CTV3Code,varchar
S1_Provisional_Diagnosis,CTV3Text,varchar
S1_Provisional_Diagnosis,DateEvent,datetime
S1_Provisional_Diagnosis,Directorate,varchar
S1_Provisional_Diagnosis,IDDoneBy,bigint
S1_Provisional_Diagnosis,IDOrganisation,varchar
S1_Provisional_Diagnosis,rid,varchar
S1_Provisional_Diagnosis,trid,int
S1_Provisional_Diagnosis,IDReferralIn,bigint
S1_Provisional_Diagnosis,IDTemplate,bigint
S1_Provisional_Diagnosis,IsMentalHealth,int
S1_Provisional_Diagnosis,RowIdentifier,bigint
S1_Provisional_Diagnosis,_src_hash,varchar
S1_Provisional_Diagnosis,SNOMEDCode,bigint
S1_Provisional_Diagnosis,SNOMEDText,varchar
S1_Provisional_Diagnosis,StaffName,varchar
S1_Provisional_Diagnosis,TemplateName,varchar
S1_Provisional_Diagnosis,mrid,varchar
S1_Provisional_Diagnosis,_when_processed_utc,datetime
S1_QRisk,Event_Date,datetime
S1_QRisk,Event_Done_At,varchar
S1_QRisk,Event_Done_At_ID,varchar
S1_QRisk,Numeric_Value,float
S1_QRisk,Numeric_Value_Text,varchar
S1_QRisk,Organisation_Name,varchar
S1_QRisk,Patient_ID,bigint
S1_QRisk,Read_Code,varchar
S1_QRisk,Registered_Practice_At_Time_Of_Event,varchar
S1_QRisk,_when_processed_utc,datetime
S1_ReferralAllocation,DateCreated,datetime
S1_ReferralAllocation,DateDeleted,datetime
S1_ReferralAllocation,DateEnd,datetime
S1_ReferralAllocation,DateStart,datetime
S1_ReferralAllocation,rid,varchar
S1_ReferralAllocation,trid,int
S1_ReferralAllocation,IDProfileDeletedBy,bigint
S1_ReferralAllocation,IDReferralIn,bigint
S1_ReferralAllocation,IDTeam,bigint
S1_ReferralAllocation,ISKeyTeam,bit
S1_ReferralAllocation,RowIdentifier,bigint
S1_ReferralAllocation,_src_hash,varchar
S1_ReferralAllocation,Status,varchar
S1_ReferralAllocation,TeamName,varchar
S1_ReferralAllocation,mrid,varchar
S1_ReferralAllocation,_when_processed_utc,datetime
S1_ReferralInReferralReason,rid,varchar
S1_ReferralInReferralReason,trid,int
S1_ReferralInReferralReason,IDReferralIn,bigint
S1_ReferralInReferralReason,PrimaryReferralReason,bit
S1_ReferralInReferralReason,ReferralReason,varchar
S1_ReferralInReferralReason,ReferralReasonDescription,varchar
S1_ReferralInReferralReason,RowIdentifier,bigint
S1_ReferralInReferralReason,_src_hash,varchar
S1_ReferralInReferralReason,RwNo,bigint
S1_ReferralInReferralReason,mrid,varchar
S1_ReferralInReferralReason,_when_processed_utc,datetime
S1_ReferralsIn,CCG_Code,varchar
S1_ReferralsIn,CCG_Code_Reporting,varchar
S1_ReferralsIn,CCG_Name,varchar
S1_ReferralsIn,CCG_Name_Reporting,varchar
S1_ReferralsIn,CPFTGroup,int
S1_ReferralsIn,CPFTReferralInterventionDescription,nvarchar
S1_ReferralsIn,CPFTReferralReasonDescription,nvarchar
S1_ReferralsIn,CPFTReferralSourceDescription,nvarchar
S1_ReferralsIn,CPFTUrgencyDescription,nvarchar
S1_ReferralsIn,CPFT_ServiceOfferedCode,int
S1_ReferralsIn,CPFT_ServiceOfferedDescription,varchar
S1_ReferralsIn,CYPHS_ReferralInterventionCode,nvarchar
S1_ReferralsIn,CYPHS_ReferralInterventionDescription,nvarchar
S1_ReferralsIn,CYPHS_ReferralReasonCode,nvarchar
S1_ReferralsIn,CYPHS_ReferralReasonDescription,nvarchar
S1_ReferralsIn,CYPHS_Referral_Closure_Date,datetime
S1_ReferralsIn,CYPHS_Referral_Closure_Reason,varchar
S1_ReferralsIn,CYPHS_Referral_Rejection_Date,datetime
S1_ReferralsIn,CYPHS_Referral_Rejection_Reason,varchar
S1_ReferralsIn,CYPHS_Referring_Care_Professional_Staff_Group,varchar
S1_ReferralsIn,CYPHS_Referring_Organisation_Code,varchar
S1_ReferralsIn,CYPHS_ServiceCode,varchar
S1_ReferralsIn,CYPHS_ServiceDescription,varchar
S1_ReferralsIn,CYPHS_SourceofReferralCode,nvarchar
S1_ReferralsIn,CYPHS_SourceofReferralDescription,nvarchar
S1_ReferralsIn,CYPHS_UrgencyCode,nvarchar
S1_ReferralsIn,CYPHS_UrgencyDescription,nvarchar
S1_ReferralsIn,CaseloadName,varchar
S1_ReferralsIn,CaseloadTeam,varchar
S1_ReferralsIn,DateDischarge,datetime
S1_ReferralsIn,DateEventRecorded,datetime
S1_ReferralsIn,DateOfAction,datetime
S1_ReferralsIn,Directorate,varchar
S1_ReferralsIn,DischargeLocation,bigint
S1_ReferralsIn,DischargeLocationDescription,varchar
S1_ReferralsIn,DischargeReason,bigint
S1_ReferralsIn,DischargeReasonDescription,varchar
S1_ReferralsIn,IDCaseload,bigint
S1_ReferralsIn,IDOrganisationDoneAt,varchar
S1_ReferralsIn,rid,varchar
S1_ReferralsIn,trid,int
S1_ReferralsIn,IDPractice,varchar
S1_ReferralsIn,IDPractice_Reporting,varchar
S1_ReferralsIn,IDReferralIn,bigint
S1_ReferralsIn,IDReferralLocal,varchar
S1_ReferralsIn,IDReferredTo,int
S1_ReferralsIn,IDReferrer,bigint
S1_ReferralsIn,Intervention,bigint
S1_ReferralsIn,InterventionDescription,varchar
S1_ReferralsIn,IsMentalHealth,int
S1_ReferralsIn,LastClinician,varchar
S1_ReferralsIn,LastClinicianDate,datetime
S1_ReferralsIn,mrid,varchar
S1_ReferralsIn,NeighbourhoodTeamCode,varchar
S1_ReferralsIn,NeighbourhoodTeamDescription,varchar
S1_ReferralsIn,Organisation,varchar
S1_ReferralsIn,Outcome,bigint
S1_ReferralsIn,PCNCode,nvarchar
S1_ReferralsIn,PCNName,nvarchar
S1_ReferralsIn,Practice_Name,nvarchar
S1_ReferralsIn,Practice_Name_Reporting,varchar
S1_ReferralsIn,PrimaryReason,bigint
S1_ReferralsIn,PrimaryReferralReasonDescription,varchar
S1_ReferralsIn,ReReferral,bit
S1_ReferralsIn,ReferralDate,datetime
S1_ReferralsIn,ReferralDateTime,datetime
S1_ReferralsIn,ReferralEndReason,bigint
S1_ReferralsIn,ReferralEndReasonDescription,varchar
S1_ReferralsIn,ReferralLoSDays,int
S1_ReferralsIn,ReferralLoSWeeks,int
S1_ReferralsIn,ReferralMedium,bigint
S1_ReferralsIn,ReferralMediumDescription,varchar
S1_ReferralsIn,ReferralOutcome,varchar
S1_ReferralsIn,ReferralPriority,varchar
S1_ReferralsIn,ReferralPriorityDescription,varchar
S1_ReferralsIn,ReferralReasonCode1,bigint
S1_ReferralsIn,ReferralReasonCode2,bigint
S1_ReferralsIn,ReferralReasonCode3,bigint
S1_ReferralsIn,ReferralReasonDescription1,varchar
S1_ReferralsIn,ReferralReasonDescription2,varchar
S1_ReferralsIn,ReferralReasonDescription3,varchar
S1_ReferralsIn,ReferralSourceDescription,varchar
S1_ReferralsIn,ReferralStatus,varchar
S1_ReferralsIn,ReferralStatusIDDoneBy,bigint
S1_ReferralsIn,ReferralStatus_StaffName,varchar
S1_ReferralsIn,ReferralUrgency,varchar
S1_ReferralsIn,Referrer_Additional_Information,varchar
S1_ReferralsIn,Referring_Organisation_Code,varchar
S1_ReferralsIn,Referring_Organisation_Type,varchar
S1_ReferralsIn,RowIdentifier,bigint
S1_ReferralsIn,_src_hash,varchar
S1_ReferralsIn,ServiceOffered,bigint
S1_ReferralsIn,ServiceOfferedDescription,varchar
S1_ReferralsIn,ServiceType,varchar
S1_ReferralsIn,SourceReferral,bigint
S1_ReferralsIn,SourceTableReferrer,bigint
S1_ReferralsIn,SourceTableReferrerMapping,varchar
S1_ReferralsIn,TeamName,nvarchar
S1_ReferralsIn,TotalContacts,int
S1_ReferralsIn,TotalTime,int
S1_ReferralsIn,Urgency,bigint
S1_ReferralsIn,_when_processed_utc,datetime
S1_ReferralsOut,CCG_Code,varchar
S1_ReferralsOut,CCG_Name,varchar
S1_ReferralsOut,CPFTGroup,int
S1_ReferralsOut,CYPHS_OrganisationCodeReceiving,varchar
S1_ReferralsOut,DateEvent,datetime
S1_ReferralsOut,Directorate,varchar
S1_ReferralsOut,IDEvent,bigint
S1_ReferralsOut,IDOrganisation,varchar
S1_ReferralsOut,rid,varchar
S1_ReferralsOut,trid,int
S1_ReferralsOut,IDPractice,varchar
S1_ReferralsOut,IsMentalHealth,int
S1_ReferralsOut,mrid,varchar
S1_ReferralsOut,NeighbourhoodTeamCode,varchar
S1_ReferralsOut,NeighbourhoodTeamDescription,varchar
S1_ReferralsOut,Organisation,varchar
S1_ReferralsOut,Practice_Name,nvarchar
S1_ReferralsOut,PrimaryDiagnosis,varchar
S1_ReferralsOut,Reason,varchar
S1_ReferralsOut,ReasonDescription,varchar
S1_ReferralsOut,RecipientDescription,varchar
S1_ReferralsOut,RecipientID,varchar
S1_ReferralsOut,ReferralOutStatusDesc,varchar
S1_ReferralsOut,RowIdentifier,bigint
S1_ReferralsOut,_src_hash,varchar
S1_ReferralsOut,SNOMEDPrimaryDiagnosis,bigint
S1_ReferralsOut,StatusOfReferralOut,varchar
S1_ReferralsOut,Urgency,varchar
S1_ReferralsOut,UrgencyDescription,varchar
S1_ReferralsOut,_when_processed_utc,datetime
S1_RiskReview,DateEventRecorded,datetime
S1_RiskReview,IDOrganisation,varchar
S1_RiskReview,rid,varchar
S1_RiskReview,trid,int
S1_RiskReview,IsMentalHealth,int
S1_RiskReview,New,bit
S1_RiskReview,Organisation,varchar
S1_RiskReview,RiskCategory,varchar
S1_RiskReview,RiskRating,varchar
S1_RiskReview,RiskReviewDate,datetime
S1_RiskReview,RiskReviewDueDate,datetime
S1_RiskReview,RiskSubCategory,varchar
S1_RiskReview,RowIdentifier,bigint
S1_RiskReview,_src_hash,varchar
S1_RiskReview,mrid,varchar
S1_RiskReview,_when_processed_utc,datetime
S1_SafeguardingCases,CPFTGroup,int
S1_SafeguardingCases,CPFT_ServiceCode,int
S1_SafeguardingCases,CPFT_ServiceDescription,varchar
S1_SafeguardingCases,CaseId,varchar
S1_SafeguardingCases,DateClosed,datetime
S1_SafeguardingCases,DateCreated,datetime
S1_SafeguardingCases,Directorate,varchar
S1_SafeguardingCases,IDOrganisationVisibleTo,varchar
S1_SafeguardingCases,IDProfileAllocatedTo,bigint
S1_SafeguardingCases,IDProfileClosedBy,bigint
S1_SafeguardingCases,IDProfileCreatedBy,bigint
S1_SafeguardingCases,IDProfilePinnedBy,bigint
S1_SafeguardingCases,IDTeamAllocatedTo,bigint
S1_SafeguardingCases,IsMentalHealth,int
S1_SafeguardingCases,IsSection42,varchar
S1_SafeguardingCases,IsSeriousCaseReview,bit
S1_SafeguardingCases,New,bit
S1_SafeguardingCases,Organisation,varchar
S1_SafeguardingCases,RiskLevel,varchar
S1_SafeguardingCases,RowIdentifier,bigint
S1_SafeguardingCases,_src_hash,varchar
S1_SafeguardingCases,SafeguardingOutcome,varchar
S1_SafeguardingCases,SafeguardingOutcomeDescription,varchar
S1_SafeguardingCases,TeamAllocatedToName,varchar
S1_SafeguardingCases,TypeOfCall,varchar
S1_SafeguardingCases,TypeOfCallDescription,varchar
S1_SafeguardingCases,_when_processed_utc,datetime
S1_SafeguardingCaseStageQuestions,CPFTGroup,int
S1_SafeguardingCaseStageQuestions,CPFT_ServiceCode,int
S1_SafeguardingCaseStageQuestions,CPFT_ServiceDescription,varchar
S1_SafeguardingCaseStageQuestions,CurrentRiskToPerson,varchar
S1_SafeguardingCaseStageQuestions,DateAnswered,datetime
S1_SafeguardingCaseStageQuestions,Directorate,varchar
S1_SafeguardingCaseStageQuestions,HasMentalCapacity,varchar
S1_SafeguardingCaseStageQuestions,IDOrganisationVisibleTo,varchar
S1_SafeguardingCaseStageQuestions,IDProfileAnsweredBy,bigint
S1_SafeguardingCaseStageQuestions,IDSafeGuardingCase,bigint
S1_SafeguardingCaseStageQuestions,IDSafeguardingCaseStage,bigint
S1_SafeguardingCaseStageQuestions,IDSafeguardingPersonAtRisk,bigint
S1_SafeguardingCaseStageQuestions,IsMentalHealth,int
S1_SafeguardingCaseStageQuestions,MentalCapacityAssessmentRequired,varchar
S1_SafeguardingCaseStageQuestions,New,bit
S1_SafeguardingCaseStageQuestions,Organisation,varchar
S1_SafeguardingCaseStageQuestions,RowIdentifier,bigint
S1_SafeguardingCaseStageQuestions,_src_hash,varchar
S1_SafeguardingCaseStageQuestions,StaffName,varchar
S1_SafeguardingCaseStageQuestions,_when_processed_utc,datetime
S1_SafeguardingCaseStages,ActionedbyStaff,varchar
S1_SafeguardingCaseStages,CPFTGroup,int
S1_SafeguardingCaseStages,CPFT_ServiceCode,int
S1_SafeguardingCaseStages,CPFT_ServiceDescription,varchar
S1_SafeguardingCaseStages,Comments,varchar
S1_SafeguardingCaseStages,CreatedbyStaff,varchar
S1_SafeguardingCaseStages,CurrentRiskToOthers,varchar
S1_SafeguardingCaseStages,DateActioned,datetime
S1_SafeguardingCaseStages,DateCreated,datetime
S1_SafeguardingCaseStages,Directorate,varchar
S1_SafeguardingCaseStages,IDOrganisationVisibleTo,varchar
S1_SafeguardingCaseStages,IDProfileActioned,bigint
S1_SafeguardingCaseStages,IDProfileCreatedBy,bigint
S1_SafeguardingCaseStages,IDSafeguardingCase,bigint
S1_SafeguardingCaseStages,IsMentalHealth,int
S1_SafeguardingCaseStages,IsMultiAgency,bit
S1_SafeguardingCaseStages,New,bit
S1_SafeguardingCaseStages,Organisation,varchar
S1_SafeguardingCaseStages,RowIdentifier,bigint
S1_SafeguardingCaseStages,_src_hash,varchar
S1_SafeguardingCaseStages,Stage,varchar
S1_SafeguardingCaseStages,StageDate,datetime
S1_SafeguardingCaseStages,_when_processed_utc,datetime
S1_SafeguardingIncidentDetails,AddressBookEntryLocationOrganisation,varchar
S1_SafeguardingIncidentDetails,AllegedAbuseDate,datetime
S1_SafeguardingIncidentDetails,CPFTGRoup,int
S1_SafeguardingIncidentDetails,CPFT_ServiceCode,int
S1_SafeguardingIncidentDetails,CPFT_ServiceDescription,varchar
S1_SafeguardingIncidentDetails,ChildServicesInformed,varchar
S1_SafeguardingIncidentDetails,DateCreated,datetime
S1_SafeguardingIncidentDetails,Details,varchar
S1_SafeguardingIncidentDetails,Directorate,varchar
S1_SafeguardingIncidentDetails,IDAddressBookEntryLocation,bigint
S1_SafeguardingIncidentDetails,IDOrganisationVisibleTo,varchar
S1_SafeguardingIncidentDetails,IDProfileCreatedBy,bigint
S1_SafeguardingIncidentDetails,IDSafeguardingCase,bigint
S1_SafeguardingIncidentDetails,IsMentalHealth,int
S1_SafeguardingIncidentDetails,LocationName,varchar
S1_SafeguardingIncidentDetails,LocationType,varchar
S1_SafeguardingIncidentDetails,LocationTypeDescription,varchar
S1_SafeguardingIncidentDetails,ManagerName,varchar
S1_SafeguardingIncidentDetails,ManagerTelephone,varchar
S1_SafeguardingIncidentDetails,New,bit
S1_SafeguardingIncidentDetails,Organisation,varchar
S1_SafeguardingIncidentDetails,OrganisationName,varchar
S1_SafeguardingIncidentDetails,OrganisationType,varchar
S1_SafeguardingIncidentDetails,OrganisationTypeDescription,varchar
S1_SafeguardingIncidentDetails,PoliceInformed,varchar
S1_SafeguardingIncidentDetails,RowIdentifier,bigint
S1_SafeguardingIncidentDetails,_src_hash,varchar
S1_SafeguardingIncidentDetails,_when_processed_utc,datetime
S1_SafeguardingPersonAlleged,Address,varchar
S1_SafeguardingPersonAlleged,AreOthersAtRisk,varchar
S1_SafeguardingPersonAlleged,CPFTGroup,int
S1_SafeguardingPersonAlleged,CPFT_ServiceCode,int
S1_SafeguardingPersonAlleged,CPFT_ServiceDescription,varchar
S1_SafeguardingPersonAlleged,CaresForOthers,varchar
S1_SafeguardingPersonAlleged,ChildProtectionIssues,varchar
S1_SafeguardingPersonAlleged,DateCreated,datetime
S1_SafeguardingPersonAlleged,DateOfBirth,datetime
S1_SafeguardingPersonAlleged,Directorate,varchar
S1_SafeguardingPersonAlleged,EmployingOrganisation,varchar
S1_SafeguardingPersonAlleged,Ethnicity,varchar
S1_SafeguardingPersonAlleged,IDOrganisationVisibleTo,varchar
S1_SafeguardingPersonAlleged,IDProfileCreatedBy,bigint
S1_SafeguardingPersonAlleged,IDSafeguardingCase,bigint
S1_SafeguardingPersonAlleged,IsAwareOfConcern,varchar
S1_SafeguardingPersonAlleged,IsChildProtectionUnitAware,varchar
S1_SafeguardingPersonAlleged,IsMentalHealth,int
S1_SafeguardingPersonAlleged,IsVulnerable,varchar
S1_SafeguardingPersonAlleged,New,bit
S1_SafeguardingPersonAlleged,Occupation,varchar
S1_SafeguardingPersonAlleged,Organisation,varchar
S1_SafeguardingPersonAlleged,OthersAtRiskDetails,varchar
S1_SafeguardingPersonAlleged,PersonalBudget,varchar
S1_SafeguardingPersonAlleged,RowIdentifier,bigint
S1_SafeguardingPersonAlleged,_src_hash,varchar
S1_SafeguardingPersonAlleged,ServiceUserGroup,varchar
S1_SafeguardingPersonAlleged,ServiceUserGroupDescription,varchar
S1_SafeguardingPersonAlleged,Sex,varchar
S1_SafeguardingPersonAlleged,_when_processed_utc,datetime
S1_SafeguardingPersonAtRisk,Address,varchar
S1_SafeguardingPersonAtRisk,CPFTGroup,int
S1_SafeguardingPersonAtRisk,CPFT_ServiceCode,int
S1_SafeguardingPersonAtRisk,CPFT_ServiceDescription,varchar
S1_SafeguardingPersonAtRisk,CanBeContactedAtAddress,varchar
S1_SafeguardingPersonAtRisk,CapacityAssessed,varchar
S1_SafeguardingPersonAtRisk,CommunicationNeeds,varchar
S1_SafeguardingPersonAtRisk,CommunicationNeedsDescription,varchar
S1_SafeguardingPersonAtRisk,ConsentGiven,varchar
S1_SafeguardingPersonAtRisk,DateOfBirth,datetime
S1_SafeguardingPersonAtRisk,DateRecorded,datetime
S1_SafeguardingPersonAtRisk,Directorate,varchar
S1_SafeguardingPersonAtRisk,Ethnicity,varchar
S1_SafeguardingPersonAtRisk,HasCapacityToConsent,varchar
S1_SafeguardingPersonAtRisk,IDOrganisationVisibleTo,varchar
S1_SafeguardingPersonAtRisk,rid,varchar
S1_SafeguardingPersonAtRisk,trid,int
S1_SafeguardingPersonAtRisk,IDProfileRecordedBy,bigint
S1_SafeguardingPersonAtRisk,IDSafeguardingCase,bigint
S1_SafeguardingPersonAtRisk,ImcaRequired,varchar
S1_SafeguardingPersonAtRisk,InPublicInterest,varchar
S1_SafeguardingPersonAtRisk,IsAwareOfConcern,varchar
S1_SafeguardingPersonAtRisk,IsImcaProvided,varchar
S1_SafeguardingPersonAtRisk,IsMentalHealth,int
S1_SafeguardingPersonAtRisk,KnownToMentalHealthServices,varchar
S1_SafeguardingPersonAtRisk,New,bit
S1_SafeguardingPersonAtRisk,mrid,varchar
S1_SafeguardingPersonAtRisk,Organisation,varchar
S1_SafeguardingPersonAtRisk,ReasonForRaisingConcern,varchar
S1_SafeguardingPersonAtRisk,Religion,varchar
S1_SafeguardingPersonAtRisk,RiskOfHarmPreventingConsent,varchar
S1_SafeguardingPersonAtRisk,RowIdentifier,bigint
S1_SafeguardingPersonAtRisk,_src_hash,varchar
S1_SafeguardingPersonAtRisk,ServiceUserGroup,varchar
S1_SafeguardingPersonAtRisk,Sex,varchar
S1_SafeguardingPersonAtRisk,Sexuality,varchar
S1_SafeguardingPersonAtRisk,TelephoneNumber,varchar
S1_SafeguardingPersonAtRisk,UndueInfluencePreventingConsent,varchar
S1_SafeguardingPersonAtRisk,_when_processed_utc,datetime
S1_SafeguardingVulnerabilityFactor,CPFTGroup,int
S1_SafeguardingVulnerabilityFactor,CPFT_ServiceCode,int
S1_SafeguardingVulnerabilityFactor,CPFT_ServiceDescription,varchar
S1_SafeguardingVulnerabilityFactor,CTV3Code,varchar
S1_SafeguardingVulnerabilityFactor,CTV3Text,varchar
S1_SafeguardingVulnerabilityFactor,CYPHS_Safeguarding_Vulnerability_Factor_Type,varchar
S1_SafeguardingVulnerabilityFactor,DateEvent,datetime
S1_SafeguardingVulnerabilityFactor,Directorate,varchar
S1_SafeguardingVulnerabilityFactor,IDDoneBy,bigint
S1_SafeguardingVulnerabilityFactor,IDOrganisation,varchar
S1_SafeguardingVulnerabilityFactor,rid,varchar
S1_SafeguardingVulnerabilityFactor,trid,int
S1_SafeguardingVulnerabilityFactor,IDReferralIn,bigint
S1_SafeguardingVulnerabilityFactor,IDTemplate,bigint
S1_SafeguardingVulnerabilityFactor,IsMentalHealth,int
S1_SafeguardingVulnerabilityFactor,RowIdentifier,bigint
S1_SafeguardingVulnerabilityFactor,_src_hash,varchar
S1_SafeguardingVulnerabilityFactor,SNOMEDCode,bigint
S1_SafeguardingVulnerabilityFactor,SNOMEDText,varchar
S1_SafeguardingVulnerabilityFactor,StaffName,varchar
S1_SafeguardingVulnerabilityFactor,TemplateName,varchar
S1_SafeguardingVulnerabilityFactor,mrid,varchar
S1_SafeguardingVulnerabilityFactor,_when_processed_utc,datetime
S1_Secondary_Diagnosis,CPFTGroup,int
S1_Secondary_Diagnosis,CPFT_ServiceCode,int
S1_Secondary_Diagnosis,CPFT_ServiceDescription,varchar
S1_Secondary_Diagnosis,CTV3Code,varchar
S1_Secondary_Diagnosis,CTV3Text,varchar
S1_Secondary_Diagnosis,DateEvent,datetime
S1_Secondary_Diagnosis,Directorate,varchar
S1_Secondary_Diagnosis,IDDoneBy,bigint
S1_Secondary_Diagnosis,IDOrganisation,varchar
S1_Secondary_Diagnosis,rid,varchar
S1_Secondary_Diagnosis,trid,int
S1_Secondary_Diagnosis,IDReferralIn,bigint
S1_Secondary_Diagnosis,IDTemplate,bigint
S1_Secondary_Diagnosis,IsMentalHealth,int
S1_Secondary_Diagnosis,ReferralDate,date
S1_Secondary_Diagnosis,ReferralDischargeDate,date
S1_Secondary_Diagnosis,RowIdentifier,bigint
S1_Secondary_Diagnosis,_src_hash,varchar
S1_Secondary_Diagnosis,SNOMEDCode,bigint
S1_Secondary_Diagnosis,SNOMEDText,varchar
S1_Secondary_Diagnosis,StaffName,varchar
S1_Secondary_Diagnosis,TemplateName,varchar
S1_Secondary_Diagnosis,mrid,varchar
S1_Secondary_Diagnosis,_when_processed_utc,datetime
S1_SpecialEducationalNeeds,CPFTGroup,int
S1_SpecialEducationalNeeds,CPFT_ServiceCode,int
S1_SpecialEducationalNeeds,CPFT_ServiceDescription,varchar
S1_SpecialEducationalNeeds,CTV3Code,varchar
S1_SpecialEducationalNeeds,CTV3Text,varchar
S1_SpecialEducationalNeeds,CYPHS_Special_Educational_Need_Type,varchar
S1_SpecialEducationalNeeds,DateEvent,datetime
S1_SpecialEducationalNeeds,Directorate,varchar
S1_SpecialEducationalNeeds,IDDoneBy,bigint
S1_SpecialEducationalNeeds,IDOrganisation,varchar
S1_SpecialEducationalNeeds,rid,varchar
S1_SpecialEducationalNeeds,trid,int
S1_SpecialEducationalNeeds,IDReferralIn,bigint
S1_SpecialEducationalNeeds,IDTemplate,bigint
S1_SpecialEducationalNeeds,IsMentalHealth,int
S1_SpecialEducationalNeeds,RowIdentifier,bigint
S1_SpecialEducationalNeeds,_src_hash,varchar
S1_SpecialEducationalNeeds,SNOMEDCode,bigint
S1_SpecialEducationalNeeds,SNOMEDText,varchar
S1_SpecialEducationalNeeds,StaffName,varchar
S1_SpecialEducationalNeeds,TemplateName,varchar
S1_SpecialEducationalNeeds,mrid,varchar
S1_SpecialEducationalNeeds,_when_processed_utc,datetime
S1_StaffActivity,ActivityDescription,varchar
S1_StaffActivity,ActivityType,bigint
S1_StaffActivity,Attendance,int
S1_StaffActivity,CPFTActivityTypeDescription,varchar
S1_StaffActivity,CPFTGroup,int
S1_StaffActivity,CPFT_ServiceCode,int
S1_StaffActivity,CPFT_ServiceDescription,varchar
S1_StaffActivity,CYPHSGroupSessionTypeCode,varchar
S1_StaffActivity,CYPHSGroupSessionTypeDescription,varchar
S1_StaffActivity,CYPHS_Activity_Location_Type_Code,varchar
S1_StaffActivity,CYPHS_Site_Code_Of_Treatment,varchar
S1_StaffActivity,DateActivity,datetime
S1_StaffActivity,DateEventRecorded,datetime
S1_StaffActivity,Directorate,varchar
S1_StaffActivity,FemaleAttendance,int
S1_StaffActivity,GroupSequence,int
S1_StaffActivity,IDOrganisation,varchar
S1_StaffActivity,IDProfileDoneBy,bigint
S1_StaffActivity,IsGroupSession,int
S1_StaffActivity,IsMentalHealth,int
S1_StaffActivity,Location,bigint
S1_StaffActivity,LocationDescription,varchar
S1_StaffActivity,MaleAttendance,int
S1_StaffActivity,Organisation,varchar
S1_StaffActivity,RowIdentifier,bigint
S1_StaffActivity,_src_hash,varchar
S1_StaffActivity,StaffName,varchar
S1_StaffActivity,TimeTaken,int
S1_StaffActivity,TotalAttendance,int
S1_StaffActivity,_when_processed_utc,datetime
S1_Team,AlternativeServiceCode,bigint
S1_Team,AlternativeServiceDescription,nvarchar
S1_Team,BenchmarkingCategory_MentalHealth,nvarchar
S1_Team,BenchmarkingCategory_MentalHealth_SortOrder,int
S1_Team,CPFTGroup,int
S1_Team,CSDSServiceType,nvarchar
S1_Team,CSDSServiceTypeDescription,nvarchar
S1_Team,CostCentre,nvarchar
S1_Team,CostCentreDesc,nvarchar
S1_Team,Directorate,varchar
S1_Team,IDOrganisation,varchar
S1_Team,IDParentTeam,bigint
S1_Team,IsIAPTService,int
S1_Team,IsMentalHealth,int
S1_Team,IsMentalHealthCommunity,int
S1_Team,IsMentalHeathDescription,nvarchar
S1_Team,IsPhysicalHealthCommunity,int
S1_Team,IsWard,int
S1_Team,MHSDSHospBedTypeDescription,nvarchar
S1_Team,MHSDSHospBedTypeMH,nvarchar
S1_Team,MHSDSIntendedClinCareIntenCodeMH,nvarchar
S1_Team,MHSDSIntendedClinCareIntenDescription,nvarchar
S1_Team,MHSDSIsLockedWard,int
S1_Team,MHSDSPrimReasonReferralMH,nvarchar
S1_Team,MHSDSPrimReasonReferralMHDescription,nvarchar
S1_Team,MHSDSTeamTypeCode,nvarchar
S1_Team,MHSDSTeamTypeDesc,nvarchar
S1_Team,MHSDSWardAge,nvarchar
S1_Team,MHSDSWardAgeDescription,nvarchar
S1_Team,MHSDSWardSecLevel,nvarchar
S1_Team,MHSDSWardSecLevelDescription,nvarchar
S1_Team,MHSDSWardSexTypeCode,nvarchar
S1_Team,MHSDSWardSexTypeDescription,nvarchar
S1_Team,MHSDSWardType,nvarchar
S1_Team,MHSDSWardTypeDescription,nvarchar
S1_Team,Organisation,varchar
S1_Team,ParentTeamName,varchar
S1_Team,RowIdentifier,bigint
S1_Team,_src_hash,varchar
S1_Team,SiteCodeOfTreatment,nvarchar
S1_Team,SiteName,nvarchar
S1_Team,SiteNameOfBuilding,nvarchar
S1_Team,SiteNameOfCounty,nvarchar
S1_Team,SiteNameOfLocality,nvarchar
S1_Team,SiteNameOfRoad,nvarchar
S1_Team,SiteNameOfTown,nvarchar
S1_Team,SiteNumberOfBuilding,nvarchar
S1_Team,SitePostCode,nvarchar
S1_Team,SourceSystem,nvarchar
S1_Team,TeamCreated,datetime
S1_Team,TeamDeleted,datetime
S1_Team,TeamName,varchar
S1_Team,TeamType,varchar
S1_Team,TeamTypeDescription,varchar
S1_Team,WardID,bigint
S1_Team,WardName,nvarchar
S1_Team,_when_processed_utc,datetime
S1_TeamMember,IDDoneBy,bigint
S1_TeamMember,IDTeam,bigint
S1_TeamMember,MemberCreated,datetime
S1_TeamMember,MemberDeleted,datetime
S1_TeamMember,New,bit
S1_TeamMember,RowIdentifier,bigint
S1_TeamMember,_src_hash,varchar
S1_TeamMember,StaffName,varchar
S1_TeamMember,TeamName,varchar
S1_TeamMember,TeamStaff,bigint
S1_TeamMember,_when_processed_utc,datetime
S1_Templates,CPFTGroup,int
S1_Templates,CTV3Code,varchar
S1_Templates,CTV3Text,varchar
S1_Templates,DateEvent,datetime
S1_Templates,DateEventRecorded,datetime
S1_Templates,Directorate,varchar
S1_Templates,IDDoneBy,bigint
S1_Templates,IDEvent,bigint
S1_Templates,IDOrganisation,varchar
S1_Templates,rid,varchar
S1_Templates,trid,int
S1_Templates,IDReferralIn,bigint
S1_Templates,IDTemplate,bigint
S1_Templates,IsMentalHealth,int
S1_Templates,IsNumeric,bit
S1_Templates,NumericUnit,varchar
S1_Templates,NumericValue,real
S1_Templates,Organisation,varchar
S1_Templates,RowIdentifier,bigint
S1_Templates,_src_hash,varchar
S1_Templates,SNOMEDCode,bigint
S1_Templates,SNOMEDText,varchar
S1_Templates,StaffName,varchar
S1_Templates,TemplateName,varchar
S1_Templates,TemplateVersion,int
S1_Templates,mrid,varchar
S1_Templates,_when_processed_utc,datetime
S1_Vanguard,AgeAtReferral,int
S1_Vanguard,AlcoholMisuse,int
S1_Vanguard,Ambulance,int
S1_Vanguard,AssessmentDate,datetime
S1_Vanguard,Autism,nvarchar
S1_Vanguard,AutismDescription,nvarchar
S1_Vanguard,BankHolidayIndicator,nvarchar
S1_Vanguard,CPFTCRHT,int
S1_Vanguard,CPFTFRS,int
S1_Vanguard,CPFTReferralViaGP,int
S1_Vanguard,CPFTSection136Team,int
S1_Vanguard,CPFT_ServiceOfferedDescription,nvarchar
S1_Vanguard,Calendar_date,datetime
S1_Vanguard,Calendar_day,tinyint
S1_Vanguard,Calendar_week,tinyint
S1_Vanguard,CurrentAge,int
S1_Vanguard,DataSource,nvarchar
S1_Vanguard,DayOfWeek,nvarchar
S1_Vanguard,Directorate,nvarchar
S1_Vanguard,DischargeReason,varchar
S1_Vanguard,EmergencyDepartment,int
S1_Vanguard,GP,int
S1_Vanguard,HourReferral,int
S1_Vanguard,IDOrganisationDoneAt,varchar
S1_Vanguard,rid,varchar
S1_Vanguard,trid,int
S1_Vanguard,IDReferralIn,int
S1_Vanguard,InpatientAdmission,int
S1_Vanguard,LD,nvarchar
S1_Vanguard,LDDescription,nvarchar
S1_Vanguard,LatestRecord,bigint
S1_Vanguard,LocalAuthority,int
S1_Vanguard,MonthYear,nvarchar
S1_Vanguard,mrid,varchar
S1_Vanguard,NoAsssessmentForm,int
S1_Vanguard,NoFurtherFollowUp,int
S1_Vanguard,OutOfHours,varchar
S1_Vanguard,Police,int
S1_Vanguard,RatingAtEnd,nvarchar
S1_Vanguard,RatingAtStart,nvarchar
S1_Vanguard,RatingDescriptionAtEnd,nvarchar
S1_Vanguard,RatingDescriptionAtStart,nvarchar
S1_Vanguard,ReferralAcceptedDate,date
S1_Vanguard,ReferralNumber,nvarchar
S1_Vanguard,_src_hash,varchar
S1_Vanguard,ReferralSource,varchar
S1_Vanguard,ReferralUrgency,varchar
S1_Vanguard,ReferralUrgencyResponseForm,nvarchar
S1_Vanguard,ReferralUrgencyResponseFormDescription,nvarchar
S1_Vanguard,ResultOfAssessment,nvarchar
S1_Vanguard,Sanctuary,int
S1_Vanguard,SubstanceMisuse,int
S1_Vanguard,TeamCode,nvarchar
S1_Vanguard,TeamEndDate,datetime
S1_Vanguard,TeamName,nvarchar
S1_Vanguard,TeamStartDate,datetime
S1_Vanguard,TeamStartTime,varchar
S1_Vanguard,TotalOutcomes,int
S1_Vanguard,TypeOfAssessmentCarriedOut,nvarchar
S1_Vanguard,UpdatedDate,datetime
S1_Vanguard,VoluntarySector,int
S1_Vanguard,WeekEnding,datetime
S1_Vanguard,YearMonth,varchar
S1_Vanguard,_when_processed_utc,datetime
S1_WaitingList,AdministrativeCategory,varchar
S1_WaitingList,DateAdded,datetime
S1_WaitingList,DateAppointmentEnd,datetime
S1_WaitingList,DateAppointmentStart,datetime
S1_WaitingList,DateDeletedFromWaitingList,datetime
S1_WaitingList,DateDue,datetime
S1_WaitingList,DateWaitCompleted,datetime
S1_WaitingList,DateWaitingStart,datetime
S1_WaitingList,IDClinician,bigint
S1_WaitingList,IDOrganisation,varchar
S1_WaitingList,rid,varchar
S1_WaitingList,trid,int
S1_WaitingList,IDReferralIn,bigint
S1_WaitingList,IntendedRTTStatus,varchar
S1_WaitingList,IsMentalHealth,int
S1_WaitingList,Organisation,varchar
S1_WaitingList,Priority,varchar
S1_WaitingList,PriorityDescription,varchar
S1_WaitingList,RestrictedToCaseload,varchar
S1_WaitingList,RotaType,varchar
S1_WaitingList,RowIdentifier,bigint
S1_WaitingList,_src_hash,varchar
S1_WaitingList,StaffName,varchar
S1_WaitingList,StaffRole,varchar
S1_WaitingList,TargetMaximumWait,int
S1_WaitingList,TargetMaximumWaitDays,int
S1_WaitingList,TargetMaximumWaitHours,int
S1_WaitingList,WaitingListCategory,varchar
S1_WaitingList,WaitingListName,varchar
S1_WaitingList,mrid,varchar
S1_WaitingList,_when_processed_utc,datetime
S1_WorkingHours,CPFTGroup,int
S1_WorkingHours,CTV3Code,varchar
S1_WorkingHours,CTV3Text,varchar
S1_WorkingHours,DateEvent,datetime
S1_WorkingHours,DateEventRecorded,datetime
S1_WorkingHours,Directorate,varchar
S1_WorkingHours,IDDoneBy,bigint
S1_WorkingHours,IDOrganisation,varchar
S1_WorkingHours,rid,varchar
S1_WorkingHours,trid,int
S1_WorkingHours,IDReferralIn,bigint
S1_WorkingHours,IDTemplate,bigint
S1_WorkingHours,IsLatest,int
S1_WorkingHours,IsMentalHealth,int
S1_WorkingHours,MHSDSCode,varchar
S1_WorkingHours,MHSDSWeeklyHoursWorkedDescription,varchar
S1_WorkingHours,mrid,varchar
S1_WorkingHours,Organisation,varchar
S1_WorkingHours,RowIdentifier,bigint
S1_WorkingHours,_src_hash,varchar
S1_WorkingHours,RwNo,int
S1_WorkingHours,SNOMEDCode,bigint
S1_WorkingHours,SNOMEDText,varchar
S1_WorkingHours,StaffName,varchar
S1_WorkingHours,TemplateName,varchar
S1_WorkingHours,TemplateVersion,int
S1_WorkingHours,_when_processed_utc,datetime